1,,2024-01-02T14:16:06.9086921Z,18,Guy Gilbert,guy1@oaon.com,320-555-0195,2020-01-28,,Marketing,Contract,950884,,39184501
2,,2024-01-02T14:16:06.9086921Z,7,Kevin Brown,kevin0@oaon.com,150-555-0189,2020-08-26,,Purchase,Contract,298253,,39184502
3,,2024-01-02T14:16:06.9086921Z,14,Roberto Tamburello,roberto0@oaon.com,212-555-0187,2021-06-11,,QualityControl,FullTime,977624,,39184503
4,,2024-01-02T14:16:06.9086921Z,3,Rob Walters,rob0@oaon.com,612-555-0100,2021-07-05,2022-08-05,HR,FullTime,116722,,39184504
5,,2024-01-02T14:16:06.9086921Z,3,Rob Walters,rob0@oaon.com,612-555-0100,2023-12-28,,Sales,Contract,920802,,39184505
6,,2024-01-02T14:16:06.9086921Z,267,Thierry D'Hers,thierry0@oaon.com,168-555-0183,2021-07-11,,Marketing,Contract,846918,,39184506
7,,2024-01-02T14:16:06.9086921Z,112,David Bradley,david0@oaon.com,913-555-0172,2021-07-20,2024-04-20,Logistics,FullTime,41642,,39184507
8,,2024-01-02T14:16:06.9086921Z,112,David Bradley,david0@oaon.com,913-555-0172,2023-02-12,,HR,FullTime,356119,,39184508
9,,2024-01-02T14:16:06.9086921Z,23,JoLynn Dobney,jolynn0@oaon.com,903-555-0145,2021-07-26,,Admin,FullTime,498392,,39184509
10,,2024-01-02T14:16:06.9086921Z,189,Ruth Ellerbrock,ruth0@oaon.com,145-555-0130,2021-08-06,,Marketing,FullTime,540306,,39184510
11,,2024-01-02T14:16:06.9086921Z,3,Gail Erickson,gail0@oaon.com,849-555-0139,2021-08-06,,HR,Contract,425151,,39184511
12,,2024-01-02T14:16:06.9086921Z,189,Barry Johnson,barry0@oaon.com,206-555-0180,2021-08-07,,Purchase,Contract,992399,,39184512
13,,2024-01-02T14:16:06.9086921Z,3,Jossef Goldberg,jossef0@oaon.com,122-555-0189,2021-08-24,,Purchase,FullTime,781055,,39184513
14,,2024-01-02T14:16:06.9086921Z,112,Terri Duffy,terri0@oaon.com,819-555-0175,2021-08-31,,Sales,FullTime,48455,,39184514
15,,2024-01-02T14:16:06.9086921Z,189,Sidney Higa,sidney0@oaon.com,424-555-0189,2021-09-02,,Marketing,Contract,105486,,39184515
16,,2024-01-02T14:16:06.9086921Z,23,Taylor Maxwell,taylor0@oaon.com,508-555-0165,2021-09-08,,Sales,Contract,503859,,39184516
17,,2024-01-02T14:16:06.9086921Z,189,Jeffrey Ford,jeffrey0@oaon.com,984-555-0185,2021-09-20,,Admin,Contract,171564,,39184517
18,,2024-01-02T14:16:06.9086921Z,23,Jo Brown,jo0@oaon.com,632-555-0129,2021-09-27,,Sales,Contract,650735,,39184518
19,,2024-01-02T14:16:06.9086921Z,189,Doris Hartwig,doris0@oaon.com,328-555-0150,2021-10-09,,Admin,Contract,423496,,39184519
20,,2024-01-02T14:16:06.9086921Z,23,John Campbell,john0@oaon.com,435-555-0113,2021-10-16,,Purchase,Contract,340567,,39184520
21,,2024-01-02T14:16:06.9086921Z,189,Diane Glimp,diane0@oaon.com,202-555-0151,2021-10-27,,Marketing,FullTime,648961,,39184521
22,,2024-01-02T14:16:06.9086921Z,177,Steven Selikoff,steven0@oaon.com,925-555-0114,2022-07-01,,Purchase,FullTime,954875,,39184522
23,,2024-01-02T14:16:06.9086921Z,112,Peter Krebs,peter0@oaon.com,913-555-0196,2022-07-01,,Sales,FullTime,536362,,39184523
24,,2024-01-02T14:16:06.9086921Z,201,Stuart Munson,stuart0@oaon.com,413-555-0136,2022-07-02,,Marketing,Contract,622860,,39184524
25,,2024-01-02T14:16:06.9086921Z,201,Greg Alderson,greg0@oaon.com,332-555-0150,2022-07-02,,HR,FullTime,424881,,39184525
26,,2024-01-02T14:16:06.9086921Z,188,David Johnson,david1@oaon.com,166-555-0162,2022-07-02,,Marketing,Contract,600261,,39184526
27,,2024-01-02T14:16:06.9086921Z,23,Zheng Mu,zheng0@oaon.com,113-555-0173,2022-07-03,,Logistics,FullTime,626335,,39184527
28,,2024-01-02T14:16:06.9086921Z,111,Ivo Salmre,ivo0@oaon.com,115-555-0179,2022-07-04,,QualityControl,FullTime,682249,,39184528
29,,2024-01-02T14:16:06.9086921Z,89,Paul Komosinski,paul0@oaon.com,147-555-0160,2022-07-04,,QualityControl,FullTime,733518,,39184529
30,,2024-01-02T14:16:06.9086921Z,154,Ashvini Sharma,ashvini0@oaon.com,656-555-0119,2022-07-04,,Sales,Contract,351907,,39184530
31,,2024-01-02T14:16:06.9086921Z,16,Kendall Keil,kendall0@oaon.com,138-555-0128,2022-07-05,,Admin,Contract,882926,,39184531
32,,2024-01-02T14:16:06.9086921Z,143,Paula Barreto de Mattos,paula0@oaon.com,523-555-0175,2022-07-06,,Purchase,FullTime,376969,,39184532
33,,2024-01-02T14:16:06.9086921Z,214,Alejandro McGuel,alejandro0@oaon.com,668-555-0130,2022-07-06,,Logistics,Contract,784078,,39184533
34,,2024-01-02T14:16:06.9086921Z,188,Garrett Young,garrett0@oaon.com,609-555-0179,2022-07-07,,Sales,FullTime,55283,,39184534
35,,2024-01-02T14:16:06.9086921Z,138,Jian Shuo Wang,jianshuo0@oaon.com,952-555-0178,2022-07-07,,Marketing,FullTime,921037,,39184535
36,,2024-01-02T14:16:06.9086921Z,87,Susan Eaton,susan0@oaon.com,943-555-0196,2022-07-07,,QualityControl,FullTime,587339,,39184536
37,,2024-01-02T14:16:06.9086921Z,87,Vamsi Kuppa,vamsi0@oaon.com,937-555-0137,2022-07-07,,Admin,FullTime,450313,,39184537
38,,2024-01-02T14:16:06.9086921Z,40,Alice Ciccu,alice0@oaon.com,333-555-0173,2022-07-07,,Sales,FullTime,845018,,39184538
39,,2024-01-02T14:16:06.9086921Z,9,Simon Rapier,simon0@oaon.com,963-555-0134,2022-07-08,,Purchase,FullTime,999151,,39184539
40,,2024-01-02T14:16:06.9086921Z,23,Jinghao Liu,jinghao0@oaon.com,794-555-0159,2022-07-08,,HR,FullTime,980223,,39184540
41,,2024-01-02T14:16:06.9086921Z,186,Michael Hines,michael0@oaon.com,218-555-0126,2022-07-09,,Logistics,Contract,486425,,39184541
42,,2024-01-02T14:16:06.9086921Z,163,Yvonne McKay,yvonne0@oaon.com,286-555-0189,2022-07-09,,QualityControl,FullTime,76756,,39184542
43,,2024-01-02T14:16:06.9086921Z,204,Peng Wu,peng0@oaon.com,164-555-0164,2022-07-09,,Sales,FullTime,722099,,39184543
44,,2024-01-02T14:16:06.9086921Z,112,Jean Trenary,jean0@oaon.com,685-555-0120,2022-07-11,,HR,Contract,924185,,39184544
45,,2024-01-02T14:16:06.9086921Z,76,Russell Hunter,russell0@oaon.com,786-555-0144,2022-07-12,,Purchase,FullTime,358931,,39184545
46,,2024-01-02T14:16:06.9086921Z,23,A. Scott Wright,ascott0@oaon.com,992-555-0194,2022-07-12,,QualityControl,FullTime,863762,,39184546
47,,2024-01-02T14:16:06.9086921Z,214,Fred Northup,fred0@oaon.com,818-555-0192,2022-07-12,,Purchase,Contract,403034,,39184547
48,,2024-01-02T14:16:06.9086921Z,7,Sariya Harnpadoungsataya,sariya0@oaon.com,399-555-0176,2022-07-12,,Marketing,Contract,103169,,39184548
49,,2024-01-02T14:16:06.9086921Z,32,Willis Johnson,willis0@oaon.com,778-555-0141,2022-07-13,,Marketing,Contract,570014,,39184549
50,,2024-01-02T14:16:06.9086921Z,40,Jun Cao,jun0@oaon.com,299-555-0113,2022-07-14,,Logistics,FullTime,492038,,39184550
51,,2024-01-02T14:16:06.9086921Z,222,Christian Kleinerman,christian0@oaon.com,846-555-0157,2022-07-14,,Sales,FullTime,784234,,39184551
52,,2024-01-02T14:16:06.9086921Z,188,Susan Metters,susan1@oaon.com,639-555-0164,2022-07-14,,QualityControl,Contract,686680,,39184552
53,,2024-01-02T14:16:06.9086921Z,23,Reuben D'sa,reuben0@oaon.com,191-555-0112,2022-07-15,,Sales,FullTime,137415,,39184553
54,,2024-01-02T14:16:06.9086921Z,126,Kirk Koenigsbauer,kirk0@oaon.com,669-555-0150,2022-07-15,,HR,FullTime,524481,,39184554
55,,2024-01-02T14:16:06.9086921Z,20,David Ortiz,david2@oaon.com,712-555-0119,2022-07-15,,Purchase,FullTime,201917,,39184555
56,,2024-01-02T14:16:06.9086921Z,92,Tengiz Kharatishvili,tengiz0@oaon.com,910-555-0116,2022-07-16,,Logistics,FullTime,644724,,39184556
57,,2024-01-02T14:16:06.9086921Z,147,Hanying Feng,hanying0@oaon.com,319-555-0139,2022-07-16,,Marketing,Contract,790900,,39184557
58,,2024-01-02T14:16:06.9086921Z,214,Kevin Liu,kevin1@oaon.com,714-555-0138,2022-07-17,,Purchase,FullTime,448414,,39184558
59,,2024-01-02T14:16:06.9086921Z,18,Annik Stahl,annik0@oaon.com,499-555-0125,2022-07-17,,Sales,FullTime,298493,,39184559
60,,2024-01-02T14:16:06.9086921Z,40,Suroor Fatima,suroor0@oaon.com,932-555-0161,2022-07-17,,Purchase,Contract,276894,,39184560
61,,2024-01-02T14:16:06.9086921Z,142,Deborah Poe,deborah0@oaon.com,602-555-0194,2022-07-18,,QualityControl,FullTime,842433,,39184561
62,,2024-01-02T14:16:06.9086921Z,76,Jim Scardelis,jim0@oaon.com,679-555-0113,2022-07-19,,Sales,FullTime,493162,,39184562
63,,2024-01-02T14:16:06.9086921Z,177,Carole Poland,carole0@oaon.com,688-555-0192,2022-07-19,,Marketing,FullTime,119735,,39184563
64,,2024-01-02T14:16:06.9086921Z,188,George Li,george0@oaon.com,518-555-0199,2022-07-21,,HR,Contract,317518,,39184564
65,,2024-01-02T14:16:06.9086921Z,89,Gary Yukish,gary0@oaon.com,901-555-0125,2022-07-22,,HR,Contract,909377,,39184565
66,,2024-01-02T14:16:06.9086921Z,23,Cristian Petculescu,cristian0@oaon.com,434-555-0133,2022-07-22,,HR,Contract,660363,,39184566
67,,2024-01-02T14:16:06.9086921Z,147,Raymond Sam,raymond0@oaon.com,226-555-0197,2022-07-23,,HR,Contract,269067,,39184567
68,,2024-01-02T14:16:06.9086921Z,44,Janaina Bueno,janaina0@oaon.com,623-555-0155,2022-07-23,,QualityControl,Contract,94818,,39184568
69,,2024-01-02T14:16:06.9086921Z,16,Bob Hohman,bob0@oaon.com,611-555-0116,2022-07-24,,QualityControl,FullTime,80501,,39184569
70,,2024-01-02T14:16:06.9086921Z,214,Shammi Mohamed,shammi0@oaon.com,793-555-0179,2022-07-24,,Admin,FullTime,629902,,39184570
71,,2024-01-02T14:16:06.9086921Z,40,Linda Moschell,linda0@oaon.com,612-555-0171,2022-07-25,,Admin,FullTime,658977,,39184571
72,,2024-01-02T14:16:06.9086921Z,32,Mindy Martin,mindy0@oaon.com,522-555-0147,2022-07-25,,Purchase,Contract,692434,,39184572
73,,2024-01-02T14:16:06.9086921Z,143,Wendy Kahn,wendy0@oaon.com,248-555-0134,2022-07-25,,Marketing,Contract,477885,,39184573
74,,2024-01-02T14:16:06.9086921Z,87,Kim Ralls,kim0@oaon.com,309-555-0129,2022-07-26,,QualityControl,FullTime,854191,,39184574
75,,2024-01-02T14:16:06.9086921Z,138,Sandra Reátegui Alayo,sandra0@oaon.com,896-555-0168,2022-07-26,,Admin,Contract,491344,,39184575
76,,2024-01-02T14:16:06.9086921Z,23,Kok-Ho Loh,kok-ho0@oaon.com,999-555-0155,2022-07-27,,Logistics,FullTime,203454,,39184576
77,,2024-01-02T14:16:06.9086921Z,163,Douglas Hite,douglas0@oaon.com,808-555-0172,2022-07-27,,Sales,Contract,437710,,39184577
78,,2024-01-02T14:16:06.9086921Z,9,James Kramer,james0@oaon.com,119-555-0117,2022-07-27,,Admin,FullTime,323679,,39184578
79,,2024-01-02T14:16:06.9086921Z,43,Sean Alexander,sean0@oaon.com,420-555-0173,2022-07-28,,Marketing,FullTime,125266,,39184579
80,,2024-01-02T14:16:06.9086921Z,186,Nitin Mirchandani,nitin0@oaon.com,143-555-0173,2022-07-28,,QualityControl,Contract,936723,,39184580
81,,2024-01-02T14:16:06.9086921Z,162,Diane Margheim,diane1@oaon.com,815-555-0138,2022-07-29,,Marketing,Contract,694421,,39184581
82,,2024-01-02T14:16:06.9086921Z,18,Rebecca Laszlo,rebecca0@oaon.com,314-555-0113,2022-07-29,,Logistics,FullTime,956358,,39184582
83,,2024-01-02T14:16:06.9086921Z,214,Rajesh Patel,rajesh0@oaon.com,373-555-0137,2022-07-31,,Admin,FullTime,214146,,39184583
84,,2024-01-02T14:16:06.9086921Z,32,Vidur Luthra,vidur0@oaon.com,153-555-0186,2022-08-01,,Marketing,FullTime,642132,,39184584
85,,2024-01-02T14:16:06.9086921Z,40,John Evans,john1@oaon.com,172-555-0130,2022-08-01,,HR,FullTime,918864,,39184585
86,,2024-01-02T14:16:06.9086921Z,9,Nancy Anderson,nancy0@oaon.com,970-555-0118,2022-08-02,,Admin,FullTime,223808,,39184586
87,,2024-01-02T14:16:06.9086921Z,23,Pilar Ackerman,pilar0@oaon.com,577-555-0185,2022-08-02,,HR,FullTime,779889,,39184587
88,,2024-01-02T14:16:06.9086921Z,188,David Yalovsky,david3@oaon.com,373-555-0142,2022-08-02,,Purchase,Contract,694269,,39184588
89,,2024-01-02T14:16:06.9086921Z,23,David Hamilton,david4@oaon.com,986-555-0177,2022-08-03,,HR,Contract,231304,,39184589
90,,2024-01-02T14:16:06.9086921Z,126,Laura Steele,laura0@oaon.com,777-555-0141,2022-08-03,,HR,FullTime,601039,,39184590
91,,2024-01-02T14:16:06.9086921Z,18,Margie Shoop,margie0@oaon.com,818-555-0128,2022-08-04,,Sales,Contract,69607,,39184591
92,,2024-01-02T14:16:06.9086921Z,204,Zainal Arifin,zainal0@oaon.com,204-555-0115,2022-08-04,,Purchase,Contract,835317,,39184592
93,,2024-01-02T14:16:06.9086921Z,214,Lorraine Nay,lorraine0@oaon.com,845-555-0184,2022-08-04,,QualityControl,Contract,818898,,39184593
94,,2024-01-02T14:16:06.9086921Z,147,Fadi Fakhouri,fadi0@oaon.com,935-555-0116,2022-08-04,,QualityControl,FullTime,811269,,39184594
95,,2024-01-02T14:16:06.9086921Z,53,Ryan Cornelsen,ryan0@oaon.com,208-555-0114,2022-08-05,,Marketing,Contract,670244,,39184595
96,,2024-01-02T14:16:06.9086921Z,142,Candy Spoon,candy0@oaon.com,920-555-0177,2022-08-06,,HR,FullTime,189866,,39184596
97,,2024-01-02T14:16:06.9086921Z,76,Nuan Yu,nuan0@oaon.com,913-555-0184,2022-08-06,,Purchase,Contract,813515,,39184597
98,,2024-01-02T14:16:06.9086921Z,46,William Vong,william0@oaon.com,148-555-0145,2022-08-07,2024-10-07,Logistics,Contract,553015,,39184598
99,,2024-01-02T14:16:06.9086921Z,46,William Vong,william0@oaon.com,148-555-0145,2025-04-01,,Logistics,Contract,76319,,39184599
100,,2024-01-02T14:16:06.9086921Z,177,Bjorn Rettig,bjorn0@oaon.com,199-555-0117,2022-08-07,,Admin,Contract,203220,,39184600
101,,2024-01-02T14:16:06.9086921Z,201,Scott Gode,scott0@oaon.com,391-555-0138,2022-08-08,,HR,FullTime,473339,,39184601
102,,2024-01-02T14:16:06.9086921Z,89,Michael Rothkugel,michael1@oaon.com,454-555-0119,2022-08-10,,Logistics,Contract,260029,,39184602
103,,2024-01-02T14:16:06.9086921Z,147,Lane Sacksteder,lane0@oaon.com,200-555-0117,2022-08-11,,Sales,FullTime,395830,,39184603
104,,2024-01-02T14:16:06.9086921Z,16,Pete Male,pete0@oaon.com,768-555-0123,2022-08-11,,Purchase,FullTime,356746,,39184604
105,,2024-01-02T14:16:06.9086921Z,44,Dan Bacon,dan0@oaon.com,166-555-0159,2022-08-11,,Sales,FullTime,943886,,39184605
106,,2024-01-02T14:16:06.9086921Z,143,David Barber,david5@oaon.com,477-555-0132,2022-08-12,,HR,FullTime,778747,,39184606
107,,2024-01-02T14:16:06.9086921Z,76,Lolan Song,lolan0@oaon.com,582-555-0178,2022-08-12,,Admin,FullTime,950052,,39184607
108,,2024-01-02T14:16:06.9086921Z,214,Paula Nartker,paula1@oaon.com,476-555-0119,2022-08-12,,Sales,FullTime,355202,,39184608
109,,2024-01-02T14:16:06.9086921Z,7,Mary Gibson,mary0@oaon.com,531-555-0183,2022-08-12,,Admin,FullTime,627782,,39184609
110,,2024-01-02T14:16:06.9086921Z,40,Mindaugas Krapauskas,mindaugas0@oaon.com,637-555-0120,2022-08-13,,HR,FullTime,318651,,39184610
111,,2024-01-02T14:16:06.9086921Z,23,Eric Gubbels,eric0@oaon.com,260-555-0119,2022-08-14,,Admin,FullTime,638256,,39184611
112,,2024-01-02T14:16:06.9086921Z,NULL,Ken Sánchez,ken0@oaon.com,697-555-0142,2022-08-14,,Logistics,Contract,736751,,39184612
113,,2024-01-02T14:16:06.9086921Z,138,Jason Watters,jason0@oaon.com,571-555-0179,2022-08-14,,HR,Contract,601729,,39184613
114,,2024-01-02T14:16:06.9086921Z,43,Mark Harrington,mark0@oaon.com,147-555-0179,2022-08-15,,Logistics,Contract,101519,,39184614
115,,2024-01-02T14:16:06.9086921Z,163,Janeth Esteves,janeth0@oaon.com,540-555-0191,2022-08-15,,Marketing,Contract,676860,,39184615
116,,2024-01-02T14:16:06.9086921Z,188,Marc Ingle,marc0@oaon.com,234-555-0169,2022-08-16,,QualityControl,Contract,720330,,39184616
117,,2024-01-02T14:16:06.9086921Z,162,Gigi Matthew,gigi0@oaon.com,185-555-0186,2022-08-16,,Logistics,Contract,719412,,39184617
118,,2024-01-02T14:16:06.9086921Z,111,Paul Singh,paul1@oaon.com,727-555-0112,2022-08-17,,QualityControl,Contract,387183,,39184618
119,,2024-01-02T14:16:06.9086921Z,214,Frank Lee,frank0@oaon.com,158-555-0191,2022-08-17,,QualityControl,FullTime,738195,,39184619
120,,2024-01-02T14:16:06.9086921Z,44,François Ajenstat,françois0@oaon.com,785-555-0110,2022-08-17,,Marketing,Contract,84253,,39184620
121,,2024-01-02T14:16:06.9086921Z,16,Diane Tibbott,diane2@oaon.com,361-555-0180,2022-08-18,,Marketing,FullTime,696930,,39184621
122,,2024-01-02T14:16:06.9086921Z,7,Jill Williams,jill0@oaon.com,510-555-0121,2022-08-18,,Logistics,FullTime,597745,,39184622
123,,2024-01-02T14:16:06.9086921Z,40,Angela Barbariol,angela0@oaon.com,150-555-0194,2022-08-20,,Marketing,FullTime,485721,,39184623
124,,2024-01-02T14:16:06.9086921Z,87,Matthias Berndt,matthias0@oaon.com,139-555-0120,2022-08-20,,Purchase,FullTime,651551,,39184624
125,,2024-01-02T14:16:06.9086921Z,9,Bryan Baker,bryan0@oaon.com,712-555-0113,2022-08-21,,Logistics,FullTime,105481,,39184625
126,,2024-01-02T14:16:06.9086921Z,23,Jeff Hay,jeff0@oaon.com,350-555-0167,2022-08-21,,Purchase,FullTime,280972,,39184626
127,,2024-01-02T14:16:06.9086921Z,188,Eugene Zabokritski,eugene0@oaon.com,241-555-0191,2022-08-21,,HR,FullTime,153037,,39184627
128,,2024-01-02T14:16:06.9086921Z,186,Barbara Decker,barbara0@oaon.com,119-555-0192,2022-08-22,,Admin,FullTime,705282,,39184628
129,,2024-01-02T14:16:06.9086921Z,126,Chris Preston,chris0@oaon.com,200-555-0112,2022-08-22,,Logistics,Contract,803826,,39184629
130,,2024-01-02T14:16:06.9086921Z,92,Sean Chai,sean1@oaon.com,205-555-0132,2022-08-22,,Admin,Contract,171664,,39184630
131,,2024-01-02T14:16:06.9086921Z,44,Dan Wilson,dan1@oaon.com,653-555-0144,2022-08-22,,Marketing,Contract,475475,,39184631
132,,2024-01-02T14:16:06.9086921Z,18,Mark McArthur,mark1@oaon.com,417-555-0154,2022-08-23,,Marketing,Contract,866671,,39184632
133,,2024-01-02T14:16:06.9086921Z,142,Bryan Walton,bryan1@oaon.com,935-555-0199,2022-08-24,,HR,FullTime,55815,,39184633
134,,2024-01-02T14:16:06.9086921Z,76,Houman Pournasseh,houman0@oaon.com,180-555-0136,2022-08-25,,HR,FullTime,351504,,39184634
135,,2024-01-02T14:16:06.9086921Z,46,Sairaj Uddin,sairaj0@oaon.com,500-555-0159,2022-08-26,,Logistics,Contract,551671,,39184635
136,,2024-01-02T14:16:06.9086921Z,177,Michiko Osada,michiko0@oaon.com,984-555-0148,2022-08-26,,HR,Contract,38156,,39184636
137,,2024-01-02T14:16:06.9086921Z,188,Benjamin Martin,benjamin0@oaon.com,533-555-0111,2022-08-27,,Sales,Contract,557335,,39184637
138,,2024-01-02T14:16:06.9086921Z,23,Cynthia Randall,cynthia0@oaon.com,352-555-0138,2022-08-27,,Marketing,FullTime,418023,,39184638
139,,2024-01-02T14:16:06.9086921Z,201,Kathie Flood,kathie0@oaon.com,446-555-0118,2022-08-27,,HR,FullTime,990223,,39184639
140,,2024-01-02T14:16:06.9086921Z,18,Britta Simon,britta0@oaon.com,955-555-0169,2022-08-29,,HR,Contract,836630,,39184640
141,,2024-01-02T14:16:06.9086921Z,214,Brian Lloyd,brian0@oaon.com,110-555-0182,2022-08-29,,Admin,FullTime,841119,,39184641
142,,2024-01-02T14:16:06.9086921Z,143,David Liu,david6@oaon.com,646-555-0185,2022-08-30,,Marketing,FullTime,816543,,39184642
143,,2024-01-02T14:16:06.9086921Z,112,Laura Norman,laura1@oaon.com,615-555-0110,2022-08-31,2023-02-28,HR,Contract,824400,,39184643
144,,2024-01-02T14:16:06.9086921Z,112,Laura Norman,laura1@oaon.com,615-555-0110,2027-06-13,,Sales,FullTime,166238,,39184644
145,,2024-01-02T14:16:06.9086921Z,40,Michael Patten,michael2@oaon.com,441-555-0195,2022-08-31,,Logistics,Contract,872829,,39184645
146,,2024-01-02T14:16:06.9086921Z,138,Andy Ruth,andy0@oaon.com,118-555-0110,2022-08-31,,QualityControl,FullTime,924810,,39184646
147,,2024-01-02T14:16:06.9086921Z,23,Yuhong Li,yuhong0@oaon.com,965-555-0155,2022-09-01,,Purchase,Contract,307798,,39184647
148,,2024-01-02T14:16:06.9086921Z,163,Robert Rounthwaite,robert0@oaon.com,589-555-0147,2022-09-02,,Logistics,FullTime,877157,,39184648
149,,2024-01-02T14:16:06.9086921Z,43,Andreas Berglund,andreas0@oaon.com,181-555-0124,2022-09-02,,Sales,Contract,963843,,39184649
150,,2024-01-02T14:16:06.9086921Z,188,Reed Koch,reed0@oaon.com,678-555-0110,2022-09-02,,Sales,FullTime,126478,,39184650
151,,2024-01-02T14:16:06.9086921Z,147,Linda Randall,linda1@oaon.com,696-555-0157,2022-09-03,,Logistics,Contract,918790,,39184651
152,,2024-01-02T14:16:06.9086921Z,112,James Hamilton,james1@oaon.com,870-555-0122,2022-09-03,,Sales,Contract,245510,,39184652
153,,2024-01-02T14:16:06.9086921Z,44,Ramesh Meyyappan,ramesh0@oaon.com,182-555-0134,2022-09-03,,Admin,FullTime,697393,,39184653
154,,2024-01-02T14:16:06.9086921Z,44,Stephanie Conroy,stephanie0@oaon.com,594-555-0110,2022-09-04,,Logistics,FullTime,761197,,39184654
155,,2024-01-02T14:16:06.9086921Z,111,Samantha Smith,samantha0@oaon.com,587-555-0114,2022-09-04,,QualityControl,Contract,228039,,39184655
156,,2024-01-02T14:16:06.9086921Z,214,Tawana Nusbaum,tawana0@oaon.com,368-555-0113,2022-09-05,,Sales,Contract,388917,,39184656
157,,2024-01-02T14:16:06.9086921Z,16,Denise Smith,denise0@oaon.com,869-555-0119,2022-09-05,,Sales,FullTime,48075,,39184657
158,,2024-01-02T14:16:06.9086921Z,32,Hao Chen,hao0@oaon.com,806-555-0136,2022-09-06,,Logistics,FullTime,82895,,39184658
159,,2024-01-02T14:16:06.9086921Z,126,Alex Nayberg,alex0@oaon.com,819-555-0198,2022-09-08,,Sales,FullTime,243014,,39184659
160,,2024-01-02T14:16:06.9086921Z,9,Eugene Kogan,eugene1@oaon.com,173-555-0179,2022-09-08,,Logistics,Contract,639694,,39184660
161,,2024-01-02T14:16:06.9086921Z,18,Brandon Heidepriem,brandon0@oaon.com,429-555-0137,2022-09-08,,HR,Contract,946825,,39184661
162,,2024-01-02T14:16:06.9086921Z,3,Dylan Miller,dylan0@oaon.com,181-555-0156,2022-09-08,,HR,FullTime,548468,,39184662
163,,2024-01-02T14:16:06.9086921Z,23,Shane Kim,shane0@oaon.com,810-555-0178,2022-09-08,,Admin,FullTime,927851,,39184663
164,,2024-01-02T14:16:06.9086921Z,186,John Chen,john2@oaon.com,201-555-0163,2022-09-09,,Purchase,Contract,641215,,39184664
165,,2024-01-02T14:16:06.9086921Z,92,Karen Berge,karen0@oaon.com,746-555-0164,2022-09-09,,Marketing,FullTime,700183,,39184665
166,,2024-01-02T14:16:06.9086921Z,18,Jose Lugo,jose0@oaon.com,587-555-0115,2022-09-10,,Logistics,FullTime,639356,,39184666
167,,2024-01-02T14:16:06.9086921Z,76,Mandar Samant,mandar0@oaon.com,140-555-0132,2022-09-10,,QualityControl,FullTime,522949,,39184667
168,,2024-01-02T14:16:06.9086921Z,278,Mikael Sandberg,mikael0@oaon.com,309-555-0170,2022-09-10,,Admin,Contract,706764,,39184668
169,,2024-01-02T14:16:06.9086921Z,76,Sameer Tejani,sameer0@oaon.com,990-555-0172,2022-09-11,,Admin,Contract,268636,,39184669
170,,2024-01-02T14:16:06.9086921Z,142,Dragan Tomic,dragan0@oaon.com,117-555-0185,2022-09-11,,QualityControl,FullTime,947244,,39184670
171,,2024-01-02T14:16:06.9086921Z,177,Carol Philips,carol0@oaon.com,609-555-0153,2022-09-12,,Purchase,Contract,789491,,39184671
172,,2024-01-02T14:16:06.9086921Z,89,Rob Caron,rob1@oaon.com,238-555-0116,2022-09-13,,QualityControl,FullTime,348838,,39184672
173,,2024-01-02T14:16:06.9086921Z,40,Don Hall,don0@oaon.com,100-555-0174,2022-09-13,,QualityControl,Contract,486900,,39184673
174,,2024-01-02T14:16:06.9086921Z,46,Alan Brewer,alan0@oaon.com,438-555-0172,2022-09-13,,Purchase,FullTime,400193,,39184674
175,,2024-01-02T14:16:06.9086921Z,188,David Lawrence,david7@oaon.com,118-555-0177,2022-09-14,,QualityControl,FullTime,950861,,39184675
176,,2024-01-02T14:16:06.9086921Z,89,Baris Cetinok,baris0@oaon.com,164-555-0114,2022-09-15,,Purchase,FullTime,396473,,39184676
177,,2024-01-02T14:16:06.9086921Z,23,Michael Ray,michael3@oaon.com,156-555-0199,2022-09-15,,QualityControl,Contract,915100,,39184677
178,,2024-01-02T14:16:06.9086921Z,20,Steve Masters,steve0@oaon.com,712-555-0170,2022-09-15,,Admin,Contract,715082,,39184678
179,,2024-01-02T14:16:06.9086921Z,18,Suchitra Mohan,suchitra0@oaon.com,753-555-0129,2022-09-16,,HR,Contract,267640,,39184679
180,,2024-01-02T14:16:06.9086921Z,44,Karen Berg,karen1@oaon.com,654-555-0177,2022-09-16,,Sales,FullTime,57326,,39184680
181,,2024-01-02T14:16:06.9086921Z,147,Terrence Earls,terrence0@oaon.com,110-555-0115,2022-09-16,,Logistics,FullTime,517554,,39184681
182,,2024-01-02T14:16:06.9086921Z,142,Barbara Moreland,barbara1@oaon.com,822-555-0145,2022-09-18,,QualityControl,FullTime,336093,,39184682
183,,2024-01-02T14:16:06.9086921Z,40,Chad Niswonger,chad0@oaon.com,559-555-0175,2022-09-18,,Admin,Contract,140748,,39184683
184,,2024-01-02T14:16:06.9086921Z,138,Rostislav Shabalin,rostislav0@oaon.com,751-555-0134,2022-09-19,,Purchase,Contract,220391,,39184684
185,,2024-01-02T14:16:06.9086921Z,201,Belinda Newman,belinda0@oaon.com,319-555-0126,2022-09-20,,QualityControl,FullTime,968308,,39184685
186,,2024-01-02T14:16:06.9086921Z,23,Katie McAskill-White,katie0@oaon.com,809-555-0133,2022-09-20,,QualityControl,Contract,607304,,39184686
187,,2024-01-02T14:16:06.9086921Z,188,Russell King,russell1@oaon.com,517-555-0122,2022-09-21,,Admin,Contract,344204,,39184687
188,,2024-01-02T14:16:06.9086921Z,23,Jack Richins,jack0@oaon.com,552-555-0111,2022-09-21,,QualityControl,FullTime,308173,,39184688
189,,2024-01-02T14:16:06.9086921Z,23,Andrew Hill,andrew0@oaon.com,908-555-0159,2022-09-22,,Admin,Contract,515094,,39184689
190,,2024-01-02T14:16:06.9086921Z,89,Nicole Holliday,nicole0@oaon.com,508-555-0129,2022-09-22,,Admin,FullTime,211452,,39184690
191,,2024-01-02T14:16:06.9086921Z,16,Frank Miller,frank1@oaon.com,167-555-0139,2022-09-23,,Sales,Contract,734219,,39184691
192,,2024-01-02T14:16:06.9086921Z,154,Peter Connelly,peter1@oaon.com,310-555-0133,2022-09-23,,Logistics,Contract,513121,,39184692
193,,2024-01-02T14:16:06.9086921Z,111,Anibal Sousa,anibal0@oaon.com,106-555-0120,2022-09-23,,Sales,Contract,189458,,39184693
194,,2024-01-02T14:16:06.9086921Z,214,Ken Myer,ken1@oaon.com,949-555-0174,2022-09-24,,HR,FullTime,949764,,39184694
195,,2024-01-02T14:16:06.9086921Z,32,Grant Culbertson,grant0@oaon.com,955-555-0131,2022-09-25,,Marketing,FullTime,968033,,39184695
196,,2024-01-02T14:16:06.9086921Z,40,Michael Entin,michael4@oaon.com,817-555-0186,2022-09-25,,Sales,FullTime,351115,,39184696
197,,2024-01-02T14:16:06.9086921Z,163,Lionel Penuchot,lionel0@oaon.com,450-555-0152,2022-09-26,,HR,Contract,596322,,39184697
198,,2024-01-02T14:16:06.9086921Z,9,Thomas Michaels,thomas0@oaon.com,278-555-0118,2022-09-26,,Marketing,FullTime,203583,,39184698
199,,2024-01-02T14:16:06.9086921Z,87,Jimmy Bischoff,jimmy0@oaon.com,927-555-0168,2022-09-26,,Purchase,FullTime,165791,,39184699
200,,2024-01-02T14:16:06.9086921Z,138,Michael Vanderhyde,michael5@oaon.com,296-555-0121,2022-09-26,,Admin,Contract,621225,,39184700
201,,2024-01-02T14:16:06.9086921Z,23,Lori Kane,lori0@oaon.com,289-555-0196,2022-09-26,,Sales,FullTime,768237,,39184701
202,,2024-01-02T14:16:06.9086921Z,278,Arvind Rao,arvind0@oaon.com,848-555-0163,2022-09-28,,Admin,Contract,511537,,39184702
203,,2024-01-02T14:16:06.9086921Z,186,Stefen Hesse,stefen0@oaon.com,165-555-0113,2022-09-28,,Logistics,Contract,820689,,39184703
204,,2024-01-02T14:16:06.9086921Z,23,Hazem Abolrous,hazem0@oaon.com,869-555-0125,2022-09-28,,Marketing,FullTime,872041,,39184704
205,,2024-01-02T14:16:06.9086921Z,142,Janet Sheperdigian,janet0@oaon.com,393-555-0186,2022-09-29,,Logistics,Contract,810338,,39184705
206,,2024-01-02T14:16:06.9086921Z,76,Elizabeth Keyser,elizabeth0@oaon.com,318-555-0137,2022-09-30,,QualityControl,FullTime,473545,,39184706
207,,2024-01-02T14:16:06.9086921Z,7,Terry Eminhizer,terry0@oaon.com,138-555-0118,2022-09-30,,QualityControl,FullTime,838081,,39184707
208,,2024-01-02T14:16:06.9086921Z,188,John Frum,john3@oaon.com,663-555-0172,2022-10-01,,Marketing,Contract,277592,,39184708
209,,2024-01-02T14:16:06.9086921Z,177,Merav Netz,merav0@oaon.com,224-555-0187,2022-10-01,,HR,FullTime,882574,,39184709
210,,2024-01-02T14:16:06.9086921Z,46,Brian LaMee,brian1@oaon.com,313-555-0196,2022-10-01,,Sales,Contract,771568,,39184710
211,,2024-01-02T14:16:06.9086921Z,40,Kitti Lertpiriyasuwat,kitti0@oaon.com,785-555-0132,2022-10-02,,Sales,Contract,770844,,39184711
212,,2024-01-02T14:16:06.9086921Z,20,Jay Adams,jay0@oaon.com,407-555-0165,2022-10-03,,Logistics,FullTime,762750,,39184712
213,,2024-01-02T14:16:06.9086921Z,188,Jan Miksovsky,jan0@oaon.com,139-555-0131,2022-10-03,,Admin,Contract,983848,,39184713
214,,2024-01-02T14:16:06.9086921Z,23,Brenda Diaz,brenda0@oaon.com,142-555-0139,2022-10-03,,Admin,FullTime,898909,,39184714
215,,2024-01-02T14:16:06.9086921Z,126,Andrew Cencini,andrew1@oaon.com,207-555-0192,2022-10-04,,Logistics,Contract,200372,,39184715
216,,2024-01-02T14:16:06.9086921Z,92,Chris Norred,chris1@oaon.com,575-555-0126,2022-10-04,,Purchase,Contract,458975,,39184716
217,,2024-01-02T14:16:06.9086921Z,18,Chris Okelberry,chris2@oaon.com,315-555-0144,2022-10-05,,Sales,Contract,633796,,39184717
218,,2024-01-02T14:16:06.9086921Z,147,Shelley Dyck,shelley0@oaon.com,991-555-0184,2022-10-05,,Marketing,Contract,927380,,39184718
219,,2024-01-02T14:16:06.9086921Z,214,Gabe Mares,gabe0@oaon.com,310-555-0117,2022-10-06,,Logistics,Contract,487378,,39184719
220,,2024-01-02T14:16:06.9086921Z,142,Mike Seamans,mike0@oaon.com,927-555-0150,2022-10-06,,Admin,FullTime,425102,,39184720
221,,2024-01-02T14:16:06.9086921Z,162,Michael Raheem,michael6@oaon.com,330-555-2568,2022-12-01,,HR,FullTime,829989,,39184721
222,,2024-01-02T14:16:06.9086921Z,152,Gary Altman,gary1@oaon.com,110-555-0112,2023-07-02,,Marketing,Contract,94074,,39184722
223,,2024-01-02T14:16:06.9086921Z,20,Charles Fitzgerald,charles0@oaon.com,931-555-0118,2023-07-03,,Purchase,FullTime,557276,,39184723
224,,2024-01-02T14:16:06.9086921Z,27,Ebru Ersan,ebru0@oaon.com,202-555-0187,2023-07-06,,HR,FullTime,111063,,39184724
225,,2024-01-02T14:16:06.9086921Z,111,Sylvester Valdez,sylvester0@oaon.com,492-555-0174,2023-07-11,,Sales,FullTime,80147,,39184725
226,,2024-01-02T14:16:06.9086921Z,53,Brian Goldstein,brian2@oaon.com,730-555-0117,2023-07-11,,Purchase,FullTime,484858,,39184726
227,,2024-01-02T14:16:06.9086921Z,278,Linda Meisner,linda2@oaon.com,916-555-0165,2023-07-17,,HR,Contract,967721,,39184727
228,,2024-01-02T14:16:06.9086921Z,66,Betsy Stadick,betsy0@oaon.com,405-555-0171,2023-07-18,,Admin,Contract,807490,,39184728
229,,2024-01-02T14:16:06.9086921Z,222,Magnus Hedlund,magnus0@oaon.com,583-555-0182,2023-07-21,,HR,FullTime,642205,,39184729
230,,2024-01-02T14:16:06.9086921Z,20,Karan Khanna,karan0@oaon.com,447-555-0186,2023-07-22,,Purchase,Contract,792616,,39184730
231,,2024-01-02T14:16:06.9086921Z,27,Mary Baker,mary1@oaon.com,283-555-0185,2023-07-25,,HR,FullTime,753628,,39184731
232,,2024-01-02T14:16:06.9086921Z,27,Kevin Homer,kevin2@oaon.com,555-555-0113,2023-07-25,,Sales,FullTime,902633,,39184732
233,,2024-01-02T14:16:06.9086921Z,53,Mihail Frintu,mihail0@oaon.com,733-555-0128,2023-07-29,,Purchase,FullTime,371168,,39184733
234,,2024-01-02T14:16:06.9086921Z,189,Bonnie Kearney,bonnie0@oaon.com,264-555-0150,2023-08-01,,Logistics,Contract,938230,,39184734
235,,2024-01-02T14:16:06.9086921Z,278,Fukiko Ogisu,fukiko0@oaon.com,520-555-0177,2023-08-04,,Logistics,FullTime,472807,,39184735
236,,2024-01-02T14:16:06.9086921Z,111,Hung-Fu Ting,hung-fu0@oaon.com,497-555-0181,2023-08-06,,QualityControl,FullTime,797217,,39184736
237,,2024-01-02T14:16:06.9086921Z,278,Gordon Hee,gordon0@oaon.com,230-555-0144,2023-08-11,,Purchase,FullTime,818497,,39184737
238,,2024-01-02T14:16:06.9086921Z,66,Kimberly Zimmerman,kimberly0@oaon.com,123-555-0167,2023-08-12,,Purchase,Contract,460730,,39184738
239,,2024-01-02T14:16:06.9086921Z,18,Kim Abercrombie,kim1@oaon.com,208-555-0114,2023-08-16,,HR,FullTime,258018,,39184739
240,,2024-01-02T14:16:06.9086921Z,53,Sandeep Kaliyath,sandeep0@oaon.com,166-555-0156,2023-08-17,,Sales,FullTime,96125,,39184740
241,,2024-01-02T14:16:06.9086921Z,111,Prasanna Samarawickrama,prasanna0@oaon.com,129-555-0199,2023-08-22,,Admin,FullTime,954843,,39184741
242,,2024-01-02T14:16:06.9086921Z,278,Frank Pellow,frank2@oaon.com,163-555-0147,2023-08-23,,Admin,FullTime,459281,,39184742
243,,2024-01-02T14:16:06.9086921Z,111,Min Su,min0@oaon.com,590-555-0152,2023-08-24,,Purchase,FullTime,885014,,39184743
244,,2024-01-02T14:16:06.9086921Z,53,Eric Brown,eric1@oaon.com,680-555-0118,2023-08-24,,HR,Contract,444416,,39184744
245,,2024-01-02T14:16:06.9086921Z,278,Eric Kurjan,eric2@oaon.com,265-555-0195,2023-08-27,,Sales,Contract,41433,,39184745
246,,2024-01-02T14:16:06.9086921Z,51,Pat Coleman,pat0@oaon.com,720-555-0158,2023-08-27,,Marketing,FullTime,748096,,39184746
247,,2024-01-02T14:16:06.9086921Z,20,Maciej Dusza,maciej0@oaon.com,237-555-0128,2023-08-29,,Admin,FullTime,455484,,39184747
248,,2024-01-02T14:16:06.9086921Z,278,Erin Hagens,erin0@oaon.com,842-555-0158,2023-08-31,,Marketing,Contract,952089,,39184748
249,,2024-01-02T14:16:06.9086921Z,66,Patrick Wedge,patrick0@oaon.com,413-555-0124,2023-09-01,,Admin,FullTime,153865,,39184749
250,,2024-01-02T14:16:06.9086921Z,53,Frank Martinez,frank3@oaon.com,203-555-0196,2023-09-05,,HR,FullTime,450774,,39184750
251,,2024-01-02T14:16:06.9086921Z,18,Ed Dudenhoefer,ed0@oaon.com,919-555-0140,2023-09-05,,HR,Contract,487680,,39184751
252,,2024-01-02T14:16:06.9086921Z,27,Christopher Hill,christopher0@oaon.com,153-555-0166,2023-09-08,,Admin,Contract,615363,,39184752
253,,2024-01-02T14:16:06.9086921Z,53,Patrick Cook,patrick1@oaon.com,425-555-0117,2023-09-12,,QualityControl,FullTime,133002,,39184753
254,,2024-01-02T14:16:06.9086921Z,111,Krishna Sunkammurali,krishna0@oaon.com,491-555-0183,2023-09-13,,Purchase,Contract,874353,,39184754
255,,2024-01-02T14:16:06.9086921Z,51,Lori Penor,lori1@oaon.com,295-555-0161,2023-09-16,,Sales,FullTime,250583,,39184755
256,,2024-01-02T14:16:06.9086921Z,66,Danielle Tiedt,danielle0@oaon.com,500-555-0172,2023-09-20,,Sales,Contract,223559,,39184756
257,,2024-01-02T14:16:06.9086921Z,43,Sootha Charncherngkha,sootha0@oaon.com,325-555-0137,2023-09-23,,Sales,FullTime,257943,,39184757
258,,2024-01-02T14:16:06.9086921Z,20,Michael Zwilling,michael7@oaon.com,582-555-0148,2023-09-23,,Sales,Contract,966739,,39184758
259,,2024-01-02T14:16:06.9086921Z,20,Randy Reeves,randy0@oaon.com,961-555-0122,2023-09-23,,QualityControl,FullTime,636744,,39184759
260,,2024-01-02T14:16:06.9086921Z,27,John Kane,john4@oaon.com,254-555-0114,2023-09-27,,QualityControl,FullTime,931708,,39184760
261,,2024-01-02T14:16:06.9086921Z,53,Jack Creasey,jack1@oaon.com,521-555-0113,2023-10-01,,QualityControl,Contract,409364,,39184761
262,,2024-01-02T14:16:06.9086921Z,111,Olinda Turner,olinda0@oaon.com,306-555-0186,2023-10-02,,QualityControl,FullTime,224296,,39184762
263,,2024-01-02T14:16:06.9086921Z,51,Stuart Macrae,stuart1@oaon.com,539-555-0149,2023-10-03,,QualityControl,FullTime,696060,,39184763
264,,2024-01-02T14:16:06.9086921Z,51,Jo Berry,jo1@oaon.com,228-555-0159,2023-10-05,,Purchase,FullTime,182912,,39184764
265,,2024-01-02T14:16:06.9086921Z,278,Ben Miller,ben0@oaon.com,151-555-0113,2023-10-07,,HR,Contract,401986,,39184765
266,,2024-01-02T14:16:06.9086921Z,66,Tom Vande Velde,tom0@oaon.com,295-555-0161,2023-10-08,,Purchase,Contract,308923,,39184766
267,,2024-01-02T14:16:06.9086921Z,3,Ovidiu Cracium,ovidiu0@oaon.com,719-555-0181,2024-07-05,,Marketing,FullTime,561249,,39184767
268,,2024-01-02T14:16:06.9086921Z,278,Annette Hill,annette0@oaon.com,125-555-0196,2024-07-06,,HR,Contract,704021,,39184768
269,,2024-01-02T14:16:06.9086921Z,267,Janice Galvin,janice0@oaon.com,473-555-0117,2024-07-23,,Purchase,Contract,405807,,39184769
270,,2024-01-02T14:16:06.9086921Z,278,Reinout Hillmann,reinout0@oaon.com,370-555-0163,2024-07-25,,HR,Contract,190030,,39184770
271,,2024-01-02T14:16:06.9086921Z,3,Michael Sullivan,michael8@oaon.com,465-555-0156,2024-07-30,,Sales,Contract,868635,,39184771
272,,2024-01-02T14:16:06.9086921Z,277,Stephen Jiang,stephen0@oaon.com,238-555-0197,2024-08-04,,Logistics,Contract,366397,,39184772
273,,2024-01-02T14:16:06.9086921Z,7,Wanida Benshoof,wanida0@oaon.com,708-555-0141,2024-08-07,,Logistics,Contract,739600,,39184773
274,,2024-01-02T14:16:06.9086921Z,3,Sharon Salavaria,sharon0@oaon.com,970-555-0138,2024-08-18,,QualityControl,FullTime,240730,,39184774
275,,2024-01-02T14:16:06.9086921Z,7,John Wood,john5@oaon.com,486-555-0150,2024-09-07,,HR,Contract,724820,,39184775
276,,2024-01-02T14:16:06.9086921Z,7,Mary Dempsey,mary2@oaon.com,124-555-0114,2024-09-14,,Admin,FullTime,696079,,39184776
277,,2024-01-02T14:16:06.9086921Z,112,Brian Welcker,brian3@oaon.com,716-555-0127,2024-09-15,,Marketing,FullTime,858470,,39184777
278,,2024-01-02T14:16:06.9086921Z,73,Sheela Word,sheela0@oaon.com,210-555-0193,2024-09-25,2025-01-25,QualityControl,Contract,804913,,39184778
281,,2024-01-02T14:16:06.9086921Z,272,Michael Blythe,michael9@oaon.com,257-555-0154,2024-12-29,,Admin,Contract,743879,,39184781
282,,2024-01-02T14:16:06.9086921Z,272,Linda Mitchell,linda3@oaon.com,883-555-0116,2024-12-29,,Logistics,Contract,352809,,39184782
283,,2024-01-02T14:16:06.9086921Z,272,Jillian Carson,jillian0@oaon.com,517-555-0117,2024-12-29,,Admin,Contract,734375,,39184783
284,,2024-01-02T14:16:06.9086921Z,272,Garrett Vargas,garrett1@oaon.com,922-555-0165,2024-12-29,,HR,Contract,467673,,39184784
285,,2024-01-02T14:16:06.9086921Z,272,Tsvi Reiter,tsvi0@oaon.com,664-555-0112,2024-12-29,,Logistics,FullTime,434383,,39184785
286,,2024-01-02T14:16:06.9086921Z,272,Pamela Ansman-Wolfe,pamela0@oaon.com,340-555-0193,2024-12-29,,Purchase,Contract,548083,,39184786
287,,2024-01-02T14:16:06.9086921Z,272,Shu Ito,shu0@oaon.com,330-555-0120,2024-12-29,,Marketing,FullTime,877730,,39184787
288,,2024-01-02T14:16:06.9086921Z,272,José Saraiva,josé1@oaon.com,185-555-0169,2024-12-29,,Purchase,FullTime,861820,,39184788
289,,2024-01-02T14:16:06.9086921Z,272,David Campbell,david8@oaon.com,740-555-0182,2024-12-29,,Marketing,Contract,248996,,39184789
,,,,,,,,,,,,,
,,,,,,,,,,,,,
