76891213142,Lock Nut 6-1T,,2024-01-02T14:16:06.9086921Z,2010-01-01T14:16:06.9086921Z,,6945.189226,34521256,800
76891213143,ML Mountain Tire-2T,,2024-01-02T14:16:06.9086921Z,2010-01-01T14:16:06.9086921Z,,6479.592792,34521257,500
76891213144,"Road-650 Black, 48-6S",,2024-01-02T14:16:06.9086921Z,2010-01-01T14:16:06.9086921Z,,3075.189546,34521258,500
76891213145,"Mountain-200 Silver, 38-8S",,2024-01-02T14:16:06.9086921Z,2010-01-01T14:16:06.9086921Z,,8557.351259,34521259,500
76891213146,Lock Washer 10-9Z,,2024-01-02T14:16:06.9086921Z,2010-01-01T14:16:06.9086921Z,,2516.322138,34521260,900
76891213147,"HL Mountain Frame - Silver, 46-2T",,2024-01-02T14:16:06.9086921Z,2010-01-01T14:16:06.9086921Z,,7608.481452,34521261,700
76891213148,"HL Road Frame - Black, 48-9Z",,2024-01-02T14:16:06.9086921Z,2010-01-01T14:16:06.9086921Z,,2113.22688,34521262,1000
76891213149,HL Mountain Seat/Saddle-1T,,2024-01-02T14:16:06.9086921Z,2010-01-01T14:16:06.9086921Z,,655.0525642,34521263,500
76891213150,Paint - Silver-6S,,2024-01-02T14:16:06.9086921Z,2010-01-01T14:16:06.9086921Z,,4650.477454,34521264,200
76891213151,"Short-Sleeve Classic Jersey, S-1T",,2024-01-02T14:16:06.9086921Z,2010-01-01T14:16:06.9086921Z,,9317.116755,34521265,200
76891213152,Internal Lock Washer 5-6S,,2024-01-02T14:16:06.9086921Z,2010-01-01T14:16:06.9086921Z,,1027.334264,34521266,200
76891213153,"Touring-2000 Blue, 54-2T",,2024-01-02T14:16:06.9086921Z,2010-01-01T14:16:06.9086921Z,,9210.08139,34521267,600
76891213154,Lock Nut 20-6S,,2024-01-02T14:16:06.9086921Z,2010-01-01T14:16:06.9086921Z,,9535.527783,34521268,700
76891213155,Lock Washer 4-2T,,2024-01-02T14:16:06.9086921Z,2010-01-01T14:16:06.9086921Z,,4777.639568,34521269,1000
76891213156,Rear Derailleur Cage-6S,,2024-01-02T14:16:06.9086921Z,2010-01-01T14:16:06.9086921Z,,1989.910076,34521270,500
76891213157,"Short-Sleeve Classic Jersey, M-9Z",,2024-01-02T14:16:06.9086921Z,2010-01-01T14:16:06.9086921Z,,9303.198802,34521271,1000
76891213158,Hydration Pack - 70 oz.-2T,,2024-01-02T14:16:06.9086921Z,2010-01-01T14:16:06.9086921Z,,8807.100867,34521272,200
76891213159,"LL Touring Frame - Yellow, 54-2T",,2024-01-02T14:16:06.9086921Z,2010-01-01T14:16:06.9086921Z,,1370.300419,34521273,700
76891213160,Thin-Jam Hex Nut 13-3T,,2024-01-02T14:16:06.9086921Z,2010-01-01T14:16:06.9086921Z,,5833.663549,34521274,600
76891213161,ML Bottom Bracket-8S,,2024-01-02T14:16:06.9086921Z,2010-01-01T14:16:06.9086921Z,,7999.869944,34521275,500
76891213162,"LL Mountain Frame - Silver, 42-10Z",,2024-01-02T14:16:06.9086921Z,2010-01-01T14:16:06.9086921Z,,8487.332235,34521276,100
76891213163,Cone-Shaped Race-3T,,2024-01-02T14:16:06.9086921Z,2010-01-01T14:16:06.9086921Z,,1019.782085,34521277,400
76891213164,Hex Nut 11-10Z,,2024-01-02T14:16:06.9086921Z,2010-01-01T14:16:06.9086921Z,,7654.032303,34521278,800
76891213165,"LL Touring Frame - Blue, 58-10Z",,2024-01-02T14:16:06.9086921Z,2010-01-01T14:16:06.9086921Z,,9470.037532,34521279,200
76891213166,Flat Washer 4-10Z,,2024-01-02T14:16:06.9086921Z,2010-01-01T14:16:06.9086921Z,,8297.765654,34521280,500
76891213167,ML Mountain Front Wheel-8S,,2024-01-02T14:16:06.9086921Z,2010-01-01T14:16:06.9086921Z,,6061.466711,34521281,300
76891213168,"Men's Bib-Shorts, L-8S",,2024-01-02T14:16:06.9086921Z,2010-01-01T14:16:06.9086921Z,,3142.48334,34521282,800
76891213169,"HL Road Frame - Red, 56-8S",,2024-01-02T14:16:06.9086921Z,2010-01-01T14:16:06.9086921Z,,1748.612616,34521283,100
76891213170,HL Mountain Rear Wheel-2T,,2024-01-02T14:16:06.9086921Z,2010-01-01T14:16:06.9086921Z,,4444.242497,34521284,300
76891213171,"LL Touring Frame - Blue, 50-9Z",,2024-01-02T14:16:06.9086921Z,2010-01-01T14:16:06.9086921Z,,471.6254598,34521285,800
76891213172,"HL Road Frame - Red, 44-2T",,2024-01-02T14:16:06.9086921Z,2010-01-01T14:16:06.9086921Z,,8294.473308,34521286,400
76891213173,"Road-650 Black, 60-6S",,2024-01-02T14:16:06.9086921Z,2010-01-01T14:16:06.9086921Z,,5848.070866,34521287,600
76891213174,"LL Touring Frame - Yellow, 62-6S",,2024-01-02T14:16:06.9086921Z,2010-01-01T14:16:06.9086921Z,,2385.990701,34521288,200
76891213175,"Road-350-W Yellow, 42-1T",,2024-01-02T14:16:06.9086921Z,2010-01-01T14:16:06.9086921Z,,4381.404627,34521289,300
76891213176,Thin-Jam Lock Nut 2-1T,,2024-01-02T14:16:06.9086921Z,2010-01-01T14:16:06.9086921Z,,3803.535891,34521290,300
76891213177,Thin-Jam Lock Nut 14-6S,,2024-01-02T14:16:06.9086921Z,2010-01-01T14:16:06.9086921Z,,9345.929552,34521291,500
76891213178,"Road-550-W Yellow, 48-3T",,2024-01-02T14:16:06.9086921Z,2010-01-01T14:16:06.9086921Z,,4584.063,34521292,900
76891213179,"LL Mountain Frame - Black, 42-1T",,2024-01-02T14:16:06.9086921Z,2010-01-01T14:16:06.9086921Z,,5186.153226,34521293,500
76891213180,"ML Road Frame-W - Yellow, 38-6S",,2024-01-02T14:16:06.9086921Z,2010-01-01T14:16:06.9086921Z,,7975.846676,34521294,500
76891213181,"HL Road Frame - Black, 58-9Z",,2024-01-02T14:16:06.9086921Z,2010-01-01T14:16:06.9086921Z,,1636.946106,34521295,200
76891213182,"Road-650 Black, 48-6S",,2024-01-02T14:16:06.9086921Z,2010-01-01T14:16:06.9086921Z,,9512.539827,34521296,1000
76891213183,"Short-Sleeve Classic Jersey, XL-9Z",,2024-01-02T14:16:06.9086921Z,2010-01-01T14:16:06.9086921Z,,7274.042642,34521297,700
76891213184,"Road-650 Black, 62-1T",,2024-01-02T14:16:06.9086921Z,2010-01-01T14:16:06.9086921Z,,9084.390244,34521298,500
76891213185,LL Mountain Tire-8S,,2024-01-02T14:16:06.9086921Z,2010-01-01T14:16:06.9086921Z,,204.9704304,34521299,1000
76891213186,LL Road Rim-8S,,2024-01-02T14:16:06.9086921Z,2010-01-01T14:16:06.9086921Z,,6997.95264,34521300,200
76891213187,"ML Mountain Frame - Black, 44-6S",,2024-01-02T14:16:06.9086921Z,2010-01-01T14:16:06.9086921Z,,9588.643441,34521301,500
76891213188,Water Bottle - 30 oz.-9Z,,2024-01-02T14:16:06.9086921Z,2010-01-01T14:16:06.9086921Z,,1943.182343,34521302,500
76891213189,"Women's Tights, S-8S",,2024-01-02T14:16:06.9086921Z,2010-01-01T14:16:06.9086921Z,,727.4302028,34521303,600
76891213190,Lock Nut 6-1T,,2024-01-02T14:16:06.9086921Z,2010-01-01T14:16:06.9086921Z,,2206.116579,34521304,700
76891213191,"ML Mountain Frame - Black, 48-6S",,2024-01-02T14:16:06.9086921Z,2010-01-01T14:16:06.9086921Z,,937.1023638,34521305,400
76891213192,Lock Nut 19-3T,,2024-01-02T14:16:06.9086921Z,2010-01-01T14:16:06.9086921Z,,8458.72484,34521306,600
76891213193,"ML Road Frame-W - Yellow, 42-6S",,2024-01-02T14:16:06.9086921Z,2010-01-01T14:16:06.9086921Z,,9927.191405,34521307,600
76891213194,AWC Logo Cap-10Z,,2024-01-02T14:16:06.9086921Z,2010-01-01T14:16:06.9086921Z,,7876.598536,34521308,600
76891213195,Thin-Jam Lock Nut 9-1T,,2024-01-02T14:16:06.9086921Z,2010-01-01T14:16:06.9086921Z,,5278.539513,34521309,100
76891213196,"Mountain-400-W Silver, 46-8S",,2024-01-02T14:16:06.9086921Z,2010-01-01T14:16:06.9086921Z,,6018.60224,34521310,500
76891213197,Lock Washer 6-8S,,2024-01-02T14:16:06.9086921Z,2010-01-01T14:16:06.9086921Z,,2986.638885,34521311,400
76891213198,Lock Washer 12-1T,,2024-01-02T14:16:06.9086921Z,2010-01-01T14:16:06.9086921Z,,9765.839814,34521312,400
76891213199,"HL Mountain Frame - Black, 42-3T",,2024-01-02T14:16:06.9086921Z,2010-01-01T14:16:06.9086921Z,,8521.160009,34521313,500
76891213200,"Mountain-500 Black, 48-1T",,2024-01-02T14:16:06.9086921Z,2010-01-01T14:16:06.9086921Z,,1521.243808,34521314,700
76891213201,Chainring Nut-6S,,2024-01-02T14:16:06.9086921Z,2010-01-01T14:16:06.9086921Z,,8212.641145,34521315,500
76891213202,ML Road Seat/Saddle-2T,,2024-01-02T14:16:06.9086921Z,2010-01-01T14:16:06.9086921Z,,3720.634038,34521316,300
76891213203,Lock Nut 22-8S,,2024-01-02T14:16:06.9086921Z,2010-01-01T14:16:06.9086921Z,,2556.75535,34521317,1000
76891213204,"Half-Finger Gloves, M-8S",,2024-01-02T14:16:06.9086921Z,2010-01-01T14:16:06.9086921Z,,1769.473898,34521318,200
76891213205,Lock Washer 3-3T,,2024-01-02T14:16:06.9086921Z,2010-01-01T14:16:06.9086921Z,,6143.4129,34521319,700
76891213206,LL Hub-1T,,2024-01-02T14:16:06.9086921Z,2010-01-01T14:16:06.9086921Z,,5936.887988,34521320,600
76891213207,LL Mountain Front Wheel-8S,,2024-01-02T14:16:06.9086921Z,2010-01-01T14:16:06.9086921Z,,6352.388059,34521321,700
76891213208,Thin-Jam Hex Nut 13-10Z,,2024-01-02T14:16:06.9086921Z,2010-01-01T14:16:06.9086921Z,,9125.877974,34521322,600
76891213209,Thin-Jam Hex Nut 11-3T,,2024-01-02T14:16:06.9086921Z,2010-01-01T14:16:06.9086921Z,,7421.81921,34521323,700
76891213210,Flat Washer 1-8S,,2024-01-02T14:16:06.9086921Z,2010-01-01T14:16:06.9086921Z,,9563.186387,34521324,100
76891213211,"Road-550-W Yellow, 48-9Z",,2024-01-02T14:16:06.9086921Z,2010-01-01T14:16:06.9086921Z,,7795.767572,34521325,400
76891213212,"ML Mountain Frame - Black, 48-1T",,2024-01-02T14:16:06.9086921Z,2010-01-01T14:16:06.9086921Z,,1632.15538,34521326,900
76891213213,"Road-250 Black, 52-9Z",,2024-01-02T14:16:06.9086921Z,2010-01-01T14:16:06.9086921Z,,4952.836217,34521327,300
76891213214,Hex Nut 20-8S,,2024-01-02T14:16:06.9086921Z,2010-01-01T14:16:06.9086921Z,,4496.036139,34521328,500
76891213215,"Road-650 Red, 62-2T",,2024-01-02T14:16:06.9086921Z,2010-01-01T14:16:06.9086921Z,,6779.470361,34521329,800
76891213216,"Road-150 Red, 62-3T",,2024-01-02T14:16:06.9086921Z,2010-01-01T14:16:06.9086921Z,,6632.239982,34521330,500
76891213217,HL Road Tire-9Z,,2024-01-02T14:16:06.9086921Z,2010-01-01T14:16:06.9086921Z,,6164.773993,34521331,500
76891213218,ML Mountain Handlebars-10Z,,2024-01-02T14:16:06.9086921Z,2010-01-01T14:16:06.9086921Z,,265.9385145,34521332,1000
76891213219,Thin-Jam Hex Nut 16-1T,,2024-01-02T14:16:06.9086921Z,2010-01-01T14:16:06.9086921Z,,3613.061654,34521333,300
76891213220,"HL Mountain Frame - Black, 42-1T",,2024-01-02T14:16:06.9086921Z,2010-01-01T14:16:06.9086921Z,,8977.456581,34521334,900
76891213221,Hex Nut 22-10Z,,2024-01-02T14:16:06.9086921Z,2010-01-01T14:16:06.9086921Z,,6815.335694,34521335,500
76891213222,BB Ball Bearing-9Z,,2024-01-02T14:16:06.9086921Z,2010-01-01T14:16:06.9086921Z,,2145.709628,34521336,300
76891213223,"LL Road Frame - Black, 44-8S",,2024-01-02T14:16:06.9086921Z,2010-01-01T14:16:06.9086921Z,,7626.483353,34521337,200
76891213224,Thin-Jam Hex Nut 3-9Z,,2024-01-02T14:16:06.9086921Z,2010-01-01T14:16:06.9086921Z,,197.3168496,34521338,500
76891213225,LL Grip Tape-1T,,2024-01-02T14:16:06.9086921Z,2010-01-01T14:16:06.9086921Z,,9034.971077,34521339,500
76891213226,"Sport-100 Helmet, Blue-3T",,2024-01-02T14:16:06.9086921Z,2010-01-01T14:16:06.9086921Z,,9829.7771,34521340,700
76891213227,Thin-Jam Lock Nut 15-9Z,,2024-01-02T14:16:06.9086921Z,2010-01-01T14:16:06.9086921Z,,3811.431011,34521341,500
76891213228,Bike Wash - Dissolver-1T,,2024-01-02T14:16:06.9086921Z,2010-01-01T14:16:06.9086921Z,,2789.052919,34521342,600
76891213229,"HL Touring Frame - Blue, 60-9Z",,2024-01-02T14:16:06.9086921Z,2010-01-01T14:16:06.9086921Z,,630.5707066,34521343,600
76891213230,"Road-350-W Yellow, 44-10Z",,2024-01-02T14:16:06.9086921Z,2010-01-01T14:16:06.9086921Z,,5253.940382,34521344,500
76891213231,"Women's Tights, M-8S",,2024-01-02T14:16:06.9086921Z,2010-01-01T14:16:06.9086921Z,,1512.46882,34521345,900
76891213232,"Long-Sleeve Logo Jersey, S-10Z",,2024-01-02T14:16:06.9086921Z,2010-01-01T14:16:06.9086921Z,,256.4055273,34521346,200
76891213233,HL Touring Seat/Saddle-2T,,2024-01-02T14:16:06.9086921Z,2010-01-01T14:16:06.9086921Z,,6856.435425,34521347,300
76891213234,LL Mountain Rim-6S,,2024-01-02T14:16:06.9086921Z,2010-01-01T14:16:06.9086921Z,,2021.305931,34521348,900
76891213235,"Mountain-300 Black, 40-1T",,2024-01-02T14:16:06.9086921Z,2010-01-01T14:16:06.9086921Z,,8151.85007,34521349,900
76891213236,Hex Nut 11-2T,,2024-01-02T14:16:06.9086921Z,2010-01-01T14:16:06.9086921Z,,3918.286742,34521350,300
76891213237,Lock Washer 9-6S,,2024-01-02T14:16:06.9086921Z,2010-01-01T14:16:06.9086921Z,,4483.060371,34521351,800
76891213238,Seat Tube-6S,,2024-01-02T14:16:06.9086921Z,2010-01-01T14:16:06.9086921Z,,1911.542407,34521352,200
76891213239,HL Mountain Seat Assembly-9Z,,2024-01-02T14:16:06.9086921Z,2010-01-01T14:16:06.9086921Z,,5183.747792,34521353,900
76891213240,Seat Post-2T,,2024-01-02T14:16:06.9086921Z,2010-01-01T14:16:06.9086921Z,,520.7852289,34521354,700
76891213241,HL Mountain Pedal-3T,,2024-01-02T14:16:06.9086921Z,2010-01-01T14:16:06.9086921Z,,6347.53425,34521355,300
76891213242,Thin-Jam Hex Nut 8-9Z,,2024-01-02T14:16:06.9086921Z,2010-01-01T14:16:06.9086921Z,,1882.823248,34521356,1000
76891213243,Crown Race-6S,,2024-01-02T14:16:06.9086921Z,2010-01-01T14:16:06.9086921Z,,3206.009046,34521357,400
76891213244,"Road-550-W Yellow, 40-9Z",,2024-01-02T14:16:06.9086921Z,2010-01-01T14:16:06.9086921Z,,5912.035588,34521358,700
76891213245,"HL Touring Frame - Blue, 46-9Z",,2024-01-02T14:16:06.9086921Z,2010-01-01T14:16:06.9086921Z,,3276.10109,34521359,100
76891213246,Lock Nut 10-1T,,2024-01-02T14:16:06.9086921Z,2010-01-01T14:16:06.9086921Z,,5386.031604,34521360,100
76891213247,"LL Road Frame - Red, 58-6S",,2024-01-02T14:16:06.9086921Z,2010-01-01T14:16:06.9086921Z,,4555.326974,34521361,200
76891213248,"Road-750 Black, 48-10Z",,2024-01-02T14:16:06.9086921Z,2010-01-01T14:16:06.9086921Z,,1115.901031,34521362,700
76891213249,Paint - Black-9Z,,2024-01-02T14:16:06.9086921Z,2010-01-01T14:16:06.9086921Z,,2187.438407,34521363,200
76891213250,LL Road Rim-2T,,2024-01-02T14:16:06.9086921Z,2010-01-01T14:16:06.9086921Z,,6295.509486,34521364,100
76891213251,Lock Nut 13-1T,,2024-01-02T14:16:06.9086921Z,2010-01-01T14:16:06.9086921Z,,5064.166921,34521365,200
76891213252,"LL Road Frame - Black, 48-8S",,2024-01-02T14:16:06.9086921Z,2010-01-01T14:16:06.9086921Z,,8391.021404,34521366,800
76891213253,ML Touring Seat/Saddle-1T,,2024-01-02T14:16:06.9086921Z,2010-01-01T14:16:06.9086921Z,,7194.29493,34521367,200
76891213254,LL Road Seat/Saddle-9Z,,2024-01-02T14:16:06.9086921Z,2010-01-01T14:16:06.9086921Z,,5167.080395,34521368,200
76891213255,"Racing Socks, L-9Z",,2024-01-02T14:16:06.9086921Z,2010-01-01T14:16:06.9086921Z,,6804.381915,34521369,600
76891213256,"Touring-2000 Blue, 60-2T",,2024-01-02T14:16:06.9086921Z,2010-01-01T14:16:06.9086921Z,,8852.767083,34521370,900
76891213257,HL Mountain Rim-6S,,2024-01-02T14:16:06.9086921Z,2010-01-01T14:16:06.9086921Z,,742.0200732,34521371,900
76891213258,"HL Road Frame - Black, 62-3T",,2024-01-02T14:16:06.9086921Z,2010-01-01T14:16:06.9086921Z,,1774.516498,34521372,200
76891213259,ML Mountain Seat/Saddle-6S,,2024-01-02T14:16:06.9086921Z,2010-01-01T14:16:06.9086921Z,,3233.846058,34521373,900
76891213260,LL Grip Tape-9Z,,2024-01-02T14:16:06.9086921Z,2010-01-01T14:16:06.9086921Z,,3771.820077,34521374,500
76891213261,"LL Road Frame - Red, 44-8S",,2024-01-02T14:16:06.9086921Z,2010-01-01T14:16:06.9086921Z,,4862.358963,34521375,900
76891213262,"Road-350-W Yellow, 48-3T",,2024-01-02T14:16:06.9086921Z,2010-01-01T14:16:06.9086921Z,,1301.12149,34521376,500
76891213263,HL Crankarm-1T,,2024-01-02T14:16:06.9086921Z,2010-01-01T14:16:06.9086921Z,,7460.027411,34521377,200
76891213264,"ML Road Frame-W - Yellow, 42-8S",,2024-01-02T14:16:06.9086921Z,2010-01-01T14:16:06.9086921Z,,3867.565786,34521378,300
76891213265,ML Road Rear Wheel-3T,,2024-01-02T14:16:06.9086921Z,2010-01-01T14:16:06.9086921Z,,5369.663708,34521379,200
76891213266,"HL Road Frame - Black, 52-9Z",,2024-01-02T14:16:06.9086921Z,2010-01-01T14:16:06.9086921Z,,3986.710737,34521380,800
76891213267,LL Road Front Wheel-6S,,2024-01-02T14:16:06.9086921Z,2010-01-01T14:16:06.9086921Z,,6939.058397,34521381,1000
76891213268,"LL Road Frame - Red, 44-3T",,2024-01-02T14:16:06.9086921Z,2010-01-01T14:16:06.9086921Z,,104.083793,34521382,800
76891213269,"LL Touring Frame - Yellow, 58-8S",,2024-01-02T14:16:06.9086921Z,2010-01-01T14:16:06.9086921Z,,4494.437713,34521383,800
76891213270,"LL Road Frame - Red, 60-1T",,2024-01-02T14:16:06.9086921Z,2010-01-01T14:16:06.9086921Z,,8572.165325,34521384,400
76891213271,"HL Mountain Frame - Black, 38-9Z",,2024-01-02T14:16:06.9086921Z,2010-01-01T14:16:06.9086921Z,,1012.419641,34521385,1000
76891213272,HL Road Handlebars-1T,,2024-01-02T14:16:06.9086921Z,2010-01-01T14:16:06.9086921Z,,3120.613449,34521386,400
76891213273,LL Mountain Rear Wheel-2T,,2024-01-02T14:16:06.9086921Z,2010-01-01T14:16:06.9086921Z,,9860.663924,34521387,800
76891213274,"Road-250 Red, 58-2T",,2024-01-02T14:16:06.9086921Z,2010-01-01T14:16:06.9086921Z,,316.0509851,34521388,900
76891213275,"LL Road Frame - Black, 48-2T",,2024-01-02T14:16:06.9086921Z,2010-01-01T14:16:06.9086921Z,,6018.315844,34521389,100
76891213276,Thin-Jam Hex Nut 12-1T,,2024-01-02T14:16:06.9086921Z,2010-01-01T14:16:06.9086921Z,,1437.994248,34521390,700
76891213277,"Road-150 Red, 56-6S",,2024-01-02T14:16:06.9086921Z,2010-01-01T14:16:06.9086921Z,,9055.595873,34521391,300
76891213278,Thin-Jam Hex Nut 14-1T,,2024-01-02T14:16:06.9086921Z,2010-01-01T14:16:06.9086921Z,,6470.447349,34521392,300
76891213279,Fork Crown-6S,,2024-01-02T14:16:06.9086921Z,2010-01-01T14:16:06.9086921Z,,9686.009343,34521393,400
76891213280,"LL Touring Frame - Blue, 44-9Z",,2024-01-02T14:16:06.9086921Z,2010-01-01T14:16:06.9086921Z,,2566.547693,34521394,700
76891213281,Tension Pulley-6S,,2024-01-02T14:16:06.9086921Z,2010-01-01T14:16:06.9086921Z,,8454.645905,34521395,400
76891213282,"Mountain-200 Silver, 42-9Z",,2024-01-02T14:16:06.9086921Z,2010-01-01T14:16:06.9086921Z,,3334.330141,34521396,100
76891213283,Thin-Jam Lock Nut 16-1T,,2024-01-02T14:16:06.9086921Z,2010-01-01T14:16:06.9086921Z,,3012.227098,34521397,300
76891213284,"Short-Sleeve Classic Jersey, S-9Z",,2024-01-02T14:16:06.9086921Z,2010-01-01T14:16:06.9086921Z,,2361.487219,34521398,1000
76891213285,Paint - Silver-3T,,2024-01-02T14:16:06.9086921Z,2010-01-01T14:16:06.9086921Z,,972.5432961,34521399,800
76891213286,ML Headset-9Z,,2024-01-02T14:16:06.9086921Z,2010-01-01T14:16:06.9086921Z,,9711.73079,34521400,300
76891213287,Hex Nut 7-3T,,2024-01-02T14:16:06.9086921Z,2010-01-01T14:16:06.9086921Z,,5545.594732,34521401,500
76891213288,"Touring-3000 Blue, 54-9Z",,2024-01-02T14:16:06.9086921Z,2010-01-01T14:16:06.9086921Z,,2974.878819,34521402,200
76891213289,"Mountain-200 Black, 46-10Z",,2024-01-02T14:16:06.9086921Z,2010-01-01T14:16:06.9086921Z,,5007.977456,34521403,400
76891213290,"Touring-3000 Yellow, 50-3T",,2024-01-02T14:16:06.9086921Z,2010-01-01T14:16:06.9086921Z,,2634.861312,34521404,1000
76891213291,"LL Touring Frame - Blue, 44-9Z",,2024-01-02T14:16:06.9086921Z,2010-01-01T14:16:06.9086921Z,,1386.163798,34521405,500
76891213292,ML Road Front Wheel-6S,,2024-01-02T14:16:06.9086921Z,2010-01-01T14:16:06.9086921Z,,4472.892445,34521406,100
76891213293,Lock Nut 17-8S,,2024-01-02T14:16:06.9086921Z,2010-01-01T14:16:06.9086921Z,,4831.869638,34521407,700
76891213294,"Men's Bib-Shorts, L-1T",,2024-01-02T14:16:06.9086921Z,2010-01-01T14:16:06.9086921Z,,870.6431498,34521408,1000
76891213295,HL Crankset-8S,,2024-01-02T14:16:06.9086921Z,2010-01-01T14:16:06.9086921Z,,7412.479929,34521409,800
76891213296,Taillights - Battery-Powered-6S,,2024-01-02T14:16:06.9086921Z,2010-01-01T14:16:06.9086921Z,,9470.827406,34521410,800
76891213297,"LL Touring Frame - Yellow, 62-8S",,2024-01-02T14:16:06.9086921Z,2010-01-01T14:16:06.9086921Z,,2064.70742,34521411,100
76891213298,"HL Mountain Frame - Silver, 42-1T",,2024-01-02T14:16:06.9086921Z,2010-01-01T14:16:06.9086921Z,,1996.415487,34521412,600
76891213299,Paint - Blue-6S,,2024-01-02T14:16:06.9086921Z,2010-01-01T14:16:06.9086921Z,,3950.936452,34521413,900
76891213300,Thin-Jam Hex Nut 9-6S,,2024-01-02T14:16:06.9086921Z,2010-01-01T14:16:06.9086921Z,,2410.626052,34521414,600
76891213301,LL Road Seat Assembly-3T,,2024-01-02T14:16:06.9086921Z,2010-01-01T14:16:06.9086921Z,,5333.517678,34521415,100
76891213302,Crown Race-6S,,2024-01-02T14:16:06.9086921Z,2010-01-01T14:16:06.9086921Z,,8497.739385,34521416,1000
76891213303,Hex Nut 23-9Z,,2024-01-02T14:16:06.9086921Z,2010-01-01T14:16:06.9086921Z,,3592.166835,34521417,200
76891213304,"Mountain-300 Black, 40-2T",,2024-01-02T14:16:06.9086921Z,2010-01-01T14:16:06.9086921Z,,2011.973585,34521418,700
76891213305,"Road-650 Black, 58-1T",,2024-01-02T14:16:06.9086921Z,2010-01-01T14:16:06.9086921Z,,1857.260704,34521419,700
76891213306,"HL Touring Frame - Blue, 50-10Z",,2024-01-02T14:16:06.9086921Z,2010-01-01T14:16:06.9086921Z,,8908.040147,34521420,400
76891213307,"Men's Sports Shorts, S-1T",,2024-01-02T14:16:06.9086921Z,2010-01-01T14:16:06.9086921Z,,1950.876947,34521421,1000
76891213308,"ML Road Frame - Red, 60-8S",,2024-01-02T14:16:06.9086921Z,2010-01-01T14:16:06.9086921Z,,2951.396624,34521422,700
76891213309,"ML Road Frame - Red, 48-8S",,2024-01-02T14:16:06.9086921Z,2010-01-01T14:16:06.9086921Z,,9212.808133,34521423,800
76891213310,External Lock Washer 9-2T,,2024-01-02T14:16:06.9086921Z,2010-01-01T14:16:06.9086921Z,,5785.339128,34521424,800
76891213311,"HL Mountain Frame - Black, 44-10Z",,2024-01-02T14:16:06.9086921Z,2010-01-01T14:16:06.9086921Z,,6714.492193,34521425,100
76891213312,"HL Mountain Frame - Silver, 38-6S",,2024-01-02T14:16:06.9086921Z,2010-01-01T14:16:06.9086921Z,,8823.752234,34521426,400
76891213313,Keyed Washer-10Z,,2024-01-02T14:16:06.9086921Z,2010-01-01T14:16:06.9086921Z,,5255.476627,34521427,400
76891213314,"LL Road Frame - Black, 44-9Z",,2024-01-02T14:16:06.9086921Z,2010-01-01T14:16:06.9086921Z,,5422.014971,34521428,500
76891213315,Chain Stays-6S,,2024-01-02T14:16:06.9086921Z,2010-01-01T14:16:06.9086921Z,,4610.69338,34521429,100
76891213316,"Mountain-200 Silver, 38-2T",,2024-01-02T14:16:06.9086921Z,2010-01-01T14:16:06.9086921Z,,5449.69194,34521430,400
76891213317,Hex Nut 16-2T,,2024-01-02T14:16:06.9086921Z,2010-01-01T14:16:06.9086921Z,,3147.928736,34521431,300
76891213318,"Mountain-300 Black, 40-9Z",,2024-01-02T14:16:06.9086921Z,2010-01-01T14:16:06.9086921Z,,8573.775995,34521432,300
76891213319,"Road-350-W Yellow, 48-10Z",,2024-01-02T14:16:06.9086921Z,2010-01-01T14:16:06.9086921Z,,2505.279777,34521433,600
76891213320,Chain-10Z,,2024-01-02T14:16:06.9086921Z,2010-01-01T14:16:06.9086921Z,,610.6213264,34521434,700
76891213321,"Men's Bib-Shorts, M-6S",,2024-01-02T14:16:06.9086921Z,2010-01-01T14:16:06.9086921Z,,4163.504049,34521435,400
76891213322,"Road-650 Red, 60-10Z",,2024-01-02T14:16:06.9086921Z,2010-01-01T14:16:06.9086921Z,,9846.86798,34521436,500
76891213323,"LL Road Frame - Red, 58-10Z",,2024-01-02T14:16:06.9086921Z,2010-01-01T14:16:06.9086921Z,,5021.574898,34521437,400
76891213324,Lock Nut 11-9Z,,2024-01-02T14:16:06.9086921Z,2010-01-01T14:16:06.9086921Z,,5963.52668,34521438,800
76891213325,"Touring-3000 Blue, 50-6S",,2024-01-02T14:16:06.9086921Z,2010-01-01T14:16:06.9086921Z,,7181.276363,34521439,200
76891213326,Hex Nut 10-6S,,2024-01-02T14:16:06.9086921Z,2010-01-01T14:16:06.9086921Z,,8179.824037,34521440,100
76891213327,Lock Nut 17-10Z,,2024-01-02T14:16:06.9086921Z,2010-01-01T14:16:06.9086921Z,,7882.376753,34521441,1000
76891213328,"LL Road Frame - Black, 58-10Z",,2024-01-02T14:16:06.9086921Z,2010-01-01T14:16:06.9086921Z,,7661.671932,34521442,300
76891213329,"Half-Finger Gloves, L-10Z",,2024-01-02T14:16:06.9086921Z,2010-01-01T14:16:06.9086921Z,,9552.540558,34521443,600
76891213330,Fork End-8S,,2024-01-02T14:16:06.9086921Z,2010-01-01T14:16:06.9086921Z,,6448.188039,34521444,1000
76891213331,Metal Sheet 5-9Z,,2024-01-02T14:16:06.9086921Z,2010-01-01T14:16:06.9086921Z,,4805.166276,34521445,700
76891213332,"HL Road Frame - Black, 62-3T",,2024-01-02T14:16:06.9086921Z,2010-01-01T14:16:06.9086921Z,,2428.164383,34521446,300
76891213333,"HL Mountain Frame - Black, 38-3T",,2024-01-02T14:16:06.9086921Z,2010-01-01T14:16:06.9086921Z,,6891.956422,34521447,700
76891213334,"Mountain-200 Black, 38-2T",,2024-01-02T14:16:06.9086921Z,2010-01-01T14:16:06.9086921Z,,9401.301438,34521448,500
76891213335,Lower Head Race-2T,,2024-01-02T14:16:06.9086921Z,2010-01-01T14:16:06.9086921Z,,3610.578454,34521449,900
76891213336,Lock Nut 17-10Z,,2024-01-02T14:16:06.9086921Z,2010-01-01T14:16:06.9086921Z,,792.4741614,34521450,500
76891213337,Thin-Jam Hex Nut 15-10Z,,2024-01-02T14:16:06.9086921Z,2010-01-01T14:16:06.9086921Z,,9727.746202,34521451,600
76891213338,Hex Nut 9-3T,,2024-01-02T14:16:06.9086921Z,2010-01-01T14:16:06.9086921Z,,7528.458172,34521452,300
76891213339,"Mountain-200 Black, 38-2T",,2024-01-02T14:16:06.9086921Z,2010-01-01T14:16:06.9086921Z,,7574.343649,34521453,300
76891213340,"Mountain-300 Black, 38-8S",,2024-01-02T14:16:06.9086921Z,2010-01-01T14:16:06.9086921Z,,5528.035146,34521454,600
76891213341,ML Road Rim-6S,,2024-01-02T14:16:06.9086921Z,2010-01-01T14:16:06.9086921Z,,9456.739472,34521455,300
76891213342,ML Road Seat Assembly-8S,,2024-01-02T14:16:06.9086921Z,2010-01-01T14:16:06.9086921Z,,8627.818331,34521456,400
76891213343,"Road-650 Red, 48-3T",,2024-01-02T14:16:06.9086921Z,2010-01-01T14:16:06.9086921Z,,3699.302603,34521457,300
76891213344,"LL Road Frame - Black, 60-1T",,2024-01-02T14:16:06.9086921Z,2010-01-01T14:16:06.9086921Z,,5779.13401,34521458,1000
76891213345,Lock Washer 12-9Z,,2024-01-02T14:16:06.9086921Z,2010-01-01T14:16:06.9086921Z,,6851.061305,34521459,1000
76891213346,Touring Rear Wheel-10Z,,2024-01-02T14:16:06.9086921Z,2010-01-01T14:16:06.9086921Z,,5846.106522,34521460,600
76891213347,Internal Lock Washer 10-9Z,,2024-01-02T14:16:06.9086921Z,2010-01-01T14:16:06.9086921Z,,9212.077075,34521461,300
76891213348,Hex Nut 2-9Z,,2024-01-02T14:16:06.9086921Z,2010-01-01T14:16:06.9086921Z,,1724.676061,34521462,300
76891213349,"Touring-3000 Blue, 54-1T",,2024-01-02T14:16:06.9086921Z,2010-01-01T14:16:06.9086921Z,,7810.181651,34521463,700
76891213350,"Touring-1000 Yellow, 50-2T",,2024-01-02T14:16:06.9086921Z,2010-01-01T14:16:06.9086921Z,,7085.612469,34521464,300
76891213351,Hex Nut 7-9Z,,2024-01-02T14:16:06.9086921Z,2010-01-01T14:16:06.9086921Z,,1313.882711,34521465,900
76891213352,External Lock Washer 5-6S,,2024-01-02T14:16:06.9086921Z,2010-01-01T14:16:06.9086921Z,,8846.526124,34521466,400
76891213353,LL Fork-1T,,2024-01-02T14:16:06.9086921Z,2010-01-01T14:16:06.9086921Z,,6002.720483,34521467,400
76891213354,"ML Mountain Frame - Black, 44-6S",,2024-01-02T14:16:06.9086921Z,2010-01-01T14:16:06.9086921Z,,219.3996645,34521468,900
76891213355,Internal Lock Washer 2-2T,,2024-01-02T14:16:06.9086921Z,2010-01-01T14:16:06.9086921Z,,4505.406923,34521469,400
76891213356,Thin-Jam Lock Nut 7-8S,,2024-01-02T14:16:06.9086921Z,2010-01-01T14:16:06.9086921Z,,8650.430639,34521470,500
76891213357,AWC Logo Cap-9Z,,2024-01-02T14:16:06.9086921Z,2010-01-01T14:16:06.9086921Z,,6749.032003,34521471,300
76891213358,Down Tube-2T,,2024-01-02T14:16:06.9086921Z,2010-01-01T14:16:06.9086921Z,,3450.537136,34521472,200
76891213359,"Road-250 Red, 52-6S",,2024-01-02T14:16:06.9086921Z,2010-01-01T14:16:06.9086921Z,,1844.06474,34521473,100
76891213360,Thin-Jam Lock Nut 1-3T,,2024-01-02T14:16:06.9086921Z,2010-01-01T14:16:06.9086921Z,,8114.254687,34521474,700
76891213361,HL Road Rim-10Z,,2024-01-02T14:16:06.9086921Z,2010-01-01T14:16:06.9086921Z,,1606.740238,34521475,900
76891213362,"Road-650 Black, 58-3T",,2024-01-02T14:16:06.9086921Z,2010-01-01T14:16:06.9086921Z,,1068.279348,34521476,600
76891213363,"LL Touring Frame - Yellow, 62-3T",,2024-01-02T14:16:06.9086921Z,2010-01-01T14:16:06.9086921Z,,4798.66603,34521477,300
76891213364,Lock Washer 1-6S,,2024-01-02T14:16:06.9086921Z,2010-01-01T14:16:06.9086921Z,,3112.804612,34521478,1000
76891213365,"Mountain-300 Black, 48-3T",,2024-01-02T14:16:06.9086921Z,2010-01-01T14:16:06.9086921Z,,9958.949606,34521479,800
76891213366,"LL Road Frame - Black, 52-10Z",,2024-01-02T14:16:06.9086921Z,2010-01-01T14:16:06.9086921Z,,2479.673033,34521480,700
76891213367,"Touring-2000 Blue, 46-1T",,2024-01-02T14:16:06.9086921Z,2010-01-01T14:16:06.9086921Z,,4924.861884,34521481,300
76891213368,"ML Road Frame-W - Yellow, 48-3T",,2024-01-02T14:16:06.9086921Z,2010-01-01T14:16:06.9086921Z,,5388.422729,34521482,200
76891213369,Mountain Tire Tube-1T,,2024-01-02T14:16:06.9086921Z,2010-01-01T14:16:06.9086921Z,,6639.79599,34521483,800
76891213370,LL Road Rear Wheel-9Z,,2024-01-02T14:16:06.9086921Z,2010-01-01T14:16:06.9086921Z,,9989.358471,34521484,900
76891213371,Hex Nut 3-1T,,2024-01-02T14:16:06.9086921Z,2010-01-01T14:16:06.9086921Z,,7973.175244,34521485,700
76891213372,"HL Road Frame - Red, 52-9Z",,2024-01-02T14:16:06.9086921Z,2010-01-01T14:16:06.9086921Z,,3952.346906,34521486,800
76891213373,ML Mountain Rim-8S,,2024-01-02T14:16:06.9086921Z,2010-01-01T14:16:06.9086921Z,,5370.667318,34521487,400
76891213374,"Road-350-W Yellow, 44-1T",,2024-01-02T14:16:06.9086921Z,2010-01-01T14:16:06.9086921Z,,3853.166901,34521488,700
76891213375,HL Crankarm-1T,,2024-01-02T14:16:06.9086921Z,2010-01-01T14:16:06.9086921Z,,3689.721941,34521489,500
76891213376,ML Fork-10Z,,2024-01-02T14:16:06.9086921Z,2010-01-01T14:16:06.9086921Z,,4253.506409,34521490,700
76891213377,Hitch Rack - 4-Bike-6S,,2024-01-02T14:16:06.9086921Z,2010-01-01T14:16:06.9086921Z,,6613.62678,34521491,900
76891213378,Hex Nut 19-1T,,2024-01-02T14:16:06.9086921Z,2010-01-01T14:16:06.9086921Z,,1878.054638,34521492,700
76891213379,"Road-350-W Yellow, 48-3T",,2024-01-02T14:16:06.9086921Z,2010-01-01T14:16:06.9086921Z,,596.7502869,34521493,400
76891213380,"Long-Sleeve Logo Jersey, S-3T",,2024-01-02T14:16:06.9086921Z,2010-01-01T14:16:06.9086921Z,,5271.675593,34521494,1000
76891213381,"HL Mountain Frame - Silver, 42-2T",,2024-01-02T14:16:06.9086921Z,2010-01-01T14:16:06.9086921Z,,7166.040984,34521495,500
76891213382,External Lock Washer 5-3T,,2024-01-02T14:16:06.9086921Z,2010-01-01T14:16:06.9086921Z,,244.8389145,34521496,600
76891213383,Hex Nut 18-6S,,2024-01-02T14:16:06.9086921Z,2010-01-01T14:16:06.9086921Z,,9748.017948,34521497,100
76891213384,"ML Road Frame-W - Yellow, 44-3T",,2024-01-02T14:16:06.9086921Z,2010-01-01T14:16:06.9086921Z,,3097.90653,34521498,1000
76891213385,"HL Road Frame - Black, 52-9Z",,2024-01-02T14:16:06.9086921Z,2010-01-01T14:16:06.9086921Z,,6904.695991,34521499,1000
76891213386,"ML Road Frame-W - Yellow, 42-8S",,2024-01-02T14:16:06.9086921Z,2010-01-01T14:16:06.9086921Z,,1158.358165,34521500,100
76891213387,"Half-Finger Gloves, L-9Z",,2024-01-02T14:16:06.9086921Z,2010-01-01T14:16:06.9086921Z,,3738.667246,34521501,1000
76891213388,Thin-Jam Lock Nut 15-3T,,2024-01-02T14:16:06.9086921Z,2010-01-01T14:16:06.9086921Z,,4398.157799,34521502,300
76891213389,Hex Nut 8-2T,,2024-01-02T14:16:06.9086921Z,2010-01-01T14:16:06.9086921Z,,7766.198051,34521503,500
76891213390,"LL Road Frame - Red, 44-2T",,2024-01-02T14:16:06.9086921Z,2010-01-01T14:16:06.9086921Z,,5076.571346,34521504,200
76891213391,LL Mountain Handlebars-1T,,2024-01-02T14:16:06.9086921Z,2010-01-01T14:16:06.9086921Z,,6911.350608,34521505,400
76891213392,Hex Nut 12-9Z,,2024-01-02T14:16:06.9086921Z,2010-01-01T14:16:06.9086921Z,,3107.277782,34521506,200
76891213393,LL Mountain Rear Wheel-8S,,2024-01-02T14:16:06.9086921Z,2010-01-01T14:16:06.9086921Z,,9947.204913,34521507,300
76891213394,"LL Road Frame - Black, 48-3T",,2024-01-02T14:16:06.9086921Z,2010-01-01T14:16:06.9086921Z,,6009.066542,34521508,1000
76891213395,"Mountain-100 Silver, 48-8S",,2024-01-02T14:16:06.9086921Z,2010-01-01T14:16:06.9086921Z,,6609.599406,34521509,1000
76891213396,"Long-Sleeve Logo Jersey, S-10Z",,2024-01-02T14:16:06.9086921Z,2010-01-01T14:16:06.9086921Z,,138.2148998,34521510,100
76891213397,"Touring-3000 Yellow, 54-9Z",,2024-01-02T14:16:06.9086921Z,2010-01-01T14:16:06.9086921Z,,7267.08824,34521511,500
76891213398,Seat Post-10Z,,2024-01-02T14:16:06.9086921Z,2010-01-01T14:16:06.9086921Z,,2503.809826,34521512,700
76891213399,"Sport-100 Helmet, Black-8S",,2024-01-02T14:16:06.9086921Z,2010-01-01T14:16:06.9086921Z,,6430.732635,34521513,800
76891213400,"Road-650 Black, 52-9Z",,2024-01-02T14:16:06.9086921Z,2010-01-01T14:16:06.9086921Z,,4546.178323,34521514,500
76891213401,HL Road Pedal-10Z,,2024-01-02T14:16:06.9086921Z,2010-01-01T14:16:06.9086921Z,,9621.708725,34521515,300
76891213402,Metal Bar 1-2T,,2024-01-02T14:16:06.9086921Z,2010-01-01T14:16:06.9086921Z,,5059.320664,34521516,1000
76891213403,"Sport-100 Helmet, Blue-6S",,2024-01-02T14:16:06.9086921Z,2010-01-01T14:16:06.9086921Z,,3302.463966,34521517,300
76891213404,"Mountain Bike Socks, M-10Z",,2024-01-02T14:16:06.9086921Z,2010-01-01T14:16:06.9086921Z,,308.5133966,34521518,400
76891213405,Flat Washer 6-2T,,2024-01-02T14:16:06.9086921Z,2010-01-01T14:16:06.9086921Z,,313.1044434,34521519,200
76891213406,Paint - Black-3T,,2024-01-02T14:16:06.9086921Z,2010-01-01T14:16:06.9086921Z,,6191.095932,34521520,500
76891213407,"Road-650 Black, 52-8S",,2024-01-02T14:16:06.9086921Z,2010-01-01T14:16:06.9086921Z,,5836.793624,34521521,300
76891213408,Hex Nut 22-1T,,2024-01-02T14:16:06.9086921Z,2010-01-01T14:16:06.9086921Z,,9054.123614,34521522,500
76891213409,Chain Stays-2T,,2024-01-02T14:16:06.9086921Z,2010-01-01T14:16:06.9086921Z,,7530.230429,34521523,600
76891213410,"HL Road Frame - Red, 48-6S",,2024-01-02T14:16:06.9086921Z,2010-01-01T14:16:06.9086921Z,,1453.269637,34521524,100
76891213411,"HL Mountain Frame - Black, 44-1T",,2024-01-02T14:16:06.9086921Z,2010-01-01T14:16:06.9086921Z,,3320.02337,34521525,200
76891213412,LL Mountain Seat/Saddle-1T,,2024-01-02T14:16:06.9086921Z,2010-01-01T14:16:06.9086921Z,,1977.972399,34521526,200
76891213413,Thin-Jam Lock Nut 11-9Z,,2024-01-02T14:16:06.9086921Z,2010-01-01T14:16:06.9086921Z,,8450.376722,34521527,200
76891213414,"Mountain-500 Black, 40-10Z",,2024-01-02T14:16:06.9086921Z,2010-01-01T14:16:06.9086921Z,,4410.615677,34521528,400
76891213415,ML Touring Seat Assembly-3T,,2024-01-02T14:16:06.9086921Z,2010-01-01T14:16:06.9086921Z,,3478.330608,34521529,800
76891213416,Tension Pulley-10Z,,2024-01-02T14:16:06.9086921Z,2010-01-01T14:16:06.9086921Z,,7689.204398,34521530,100
76891213417,"Road-650 Red, 52-2T",,2024-01-02T14:16:06.9086921Z,2010-01-01T14:16:06.9086921Z,,9724.68074,34521531,300
76891213418,"Road-550-W Yellow, 40-10Z",,2024-01-02T14:16:06.9086921Z,2010-01-01T14:16:06.9086921Z,,173.7850065,34521532,500
76891213419,"Long-Sleeve Logo Jersey, S-8S",,2024-01-02T14:16:06.9086921Z,2010-01-01T14:16:06.9086921Z,,6555.661105,34521533,1000
76891213420,"LL Mountain Frame - Black, 44-3T",,2024-01-02T14:16:06.9086921Z,2010-01-01T14:16:06.9086921Z,,600.2527811,34521534,500
76891213421,HL Road Seat/Saddle-2T,,2024-01-02T14:16:06.9086921Z,2010-01-01T14:16:06.9086921Z,,295.8319166,34521535,1000
76891213422,ML Bottom Bracket-9Z,,2024-01-02T14:16:06.9086921Z,2010-01-01T14:16:06.9086921Z,,1037.557151,34521536,500
76891213423,"HL Mountain Frame - Silver, 38-3T",,2024-01-02T14:16:06.9086921Z,2010-01-01T14:16:06.9086921Z,,118.2953853,34521537,1000
76891213424,LL Crankset-8S,,2024-01-02T14:16:06.9086921Z,2010-01-01T14:16:06.9086921Z,,5589.181132,34521538,800
76891213425,"Mountain-500 Silver, 40-1T",,2024-01-02T14:16:06.9086921Z,2010-01-01T14:16:06.9086921Z,,117.0770903,34521539,500
76891213426,Hex Nut 11-10Z,,2024-01-02T14:16:06.9086921Z,2010-01-01T14:16:06.9086921Z,,797.4530961,34521540,500
76891213427,"LL Touring Frame - Blue, 58-10Z",,2024-01-02T14:16:06.9086921Z,2010-01-01T14:16:06.9086921Z,,2714.641985,34521541,100
76891213428,Fork End-9Z,,2024-01-02T14:16:06.9086921Z,2010-01-01T14:16:06.9086921Z,,9946.410775,34521542,1000
76891213429,"Half-Finger Gloves, L-6S",,2024-01-02T14:16:06.9086921Z,2010-01-01T14:16:06.9086921Z,,7232.688219,34521543,100
76891213430,"Road-250 Red, 52-9Z",,2024-01-02T14:16:06.9086921Z,2010-01-01T14:16:06.9086921Z,,1434.069273,34521544,900
76891213431,LL Road Handlebars-1T,,2024-01-02T14:16:06.9086921Z,2010-01-01T14:16:06.9086921Z,,3506.601028,34521545,1000
76891213432,"HL Mountain Frame - Black, 48-1T",,2024-01-02T14:16:06.9086921Z,2010-01-01T14:16:06.9086921Z,,4890.69375,34521546,300
76891213433,"LL Mountain Frame - Black, 40-6S",,2024-01-02T14:16:06.9086921Z,2010-01-01T14:16:06.9086921Z,,2128.157707,34521547,500
76891213434,Flat Washer 1-6S,,2024-01-02T14:16:06.9086921Z,2010-01-01T14:16:06.9086921Z,,2019.702526,34521548,700
76891213435,"Mountain-500 Silver, 48-8S",,2024-01-02T14:16:06.9086921Z,2010-01-01T14:16:06.9086921Z,,1218.454983,34521549,100
76891213436,Hex Nut 7-2T,,2024-01-02T14:16:06.9086921Z,2010-01-01T14:16:06.9086921Z,,9370.628891,34521550,600
76891213437,Metal Tread Plate-3T,,2024-01-02T14:16:06.9086921Z,2010-01-01T14:16:06.9086921Z,,511.4825729,34521551,700
76891213438,HL Mountain Front Wheel-3T,,2024-01-02T14:16:06.9086921Z,2010-01-01T14:16:06.9086921Z,,1135.522463,34521552,1000
76891213439,"HL Mountain Frame - Black, 48-6S",,2024-01-02T14:16:06.9086921Z,2010-01-01T14:16:06.9086921Z,,1208.737838,34521553,100
76891213440,"ML Road Frame - Red, 48-2T",,2024-01-02T14:16:06.9086921Z,2010-01-01T14:16:06.9086921Z,,1817.781718,34521554,400
76891213441,ML Road Pedal-1T,,2024-01-02T14:16:06.9086921Z,2010-01-01T14:16:06.9086921Z,,1134.405244,34521555,700
76891213442,"Men's Sports Shorts, S-3T",,2024-01-02T14:16:06.9086921Z,2010-01-01T14:16:06.9086921Z,,5591.165867,34521556,200
76891213443,Lock Washer 10-8S,,2024-01-02T14:16:06.9086921Z,2010-01-01T14:16:06.9086921Z,,996.0153116,34521557,400
76891213444,Hex Nut 14-6S,,2024-01-02T14:16:06.9086921Z,2010-01-01T14:16:06.9086921Z,,4918.510484,34521558,300
76891213445,"LL Road Frame - Black, 58-10Z",,2024-01-02T14:16:06.9086921Z,2010-01-01T14:16:06.9086921Z,,6473.341106,34521559,500
76891213446,Thin-Jam Hex Nut 10-1T,,2024-01-02T14:16:06.9086921Z,2010-01-01T14:16:06.9086921Z,,9201.927381,34521560,200
76891213447,Hex Nut 2-3T,,2024-01-02T14:16:06.9086921Z,2010-01-01T14:16:06.9086921Z,,2645.829565,34521561,100
76891213448,"Short-Sleeve Classic Jersey, L-1T",,2024-01-02T14:16:06.9086921Z,2010-01-01T14:16:06.9086921Z,,1531.332184,34521562,100
76891213449,"Classic Vest, L-10Z",,2024-01-02T14:16:06.9086921Z,2010-01-01T14:16:06.9086921Z,,8309.95185,34521563,700
76891213450,"HL Mountain Frame - Silver, 38-3T",,2024-01-02T14:16:06.9086921Z,2010-01-01T14:16:06.9086921Z,,3173.22432,34521564,800
76891213451,LL Road Seat Assembly-10Z,,2024-01-02T14:16:06.9086921Z,2010-01-01T14:16:06.9086921Z,,3722.467082,34521565,900
76891213452,"ML Road Frame - Red, 44-9Z",,2024-01-02T14:16:06.9086921Z,2010-01-01T14:16:06.9086921Z,,3871.972413,34521566,100
76891213453,"Road-750 Black, 48-6S",,2024-01-02T14:16:06.9086921Z,2010-01-01T14:16:06.9086921Z,,264.4566451,34521567,1000
76891213454,LL Grip Tape-1T,,2024-01-02T14:16:06.9086921Z,2010-01-01T14:16:06.9086921Z,,2255.905162,34521568,800
76891213455,"Touring-3000 Blue, 44-10Z",,2024-01-02T14:16:06.9086921Z,2010-01-01T14:16:06.9086921Z,,2876.663585,34521569,500
76891213456,Chain Stays-2T,,2024-01-02T14:16:06.9086921Z,2010-01-01T14:16:06.9086921Z,,981.0461743,34521570,600
76891213457,"Half-Finger Gloves, S-6S",,2024-01-02T14:16:06.9086921Z,2010-01-01T14:16:06.9086921Z,,1596.483814,34521571,400
76891213458,Down Tube-6S,,2024-01-02T14:16:06.9086921Z,2010-01-01T14:16:06.9086921Z,,6663.797502,34521572,100
76891213459,Metal Plate 3-3T,,2024-01-02T14:16:06.9086921Z,2010-01-01T14:16:06.9086921Z,,1100.984384,34521573,700
76891213460,Touring Front Wheel-2T,,2024-01-02T14:16:06.9086921Z,2010-01-01T14:16:06.9086921Z,,5953.557239,34521574,500
76891213461,Lock Ring-2T,,2024-01-02T14:16:06.9086921Z,2010-01-01T14:16:06.9086921Z,,253.4528254,34521575,100
76891213462,"HL Road Frame - Red, 62-2T",,2024-01-02T14:16:06.9086921Z,2010-01-01T14:16:06.9086921Z,,3070.448703,34521576,200
76891213463,"HL Road Frame - Red, 52-6S",,2024-01-02T14:16:06.9086921Z,2010-01-01T14:16:06.9086921Z,,2954.784226,34521577,600
76891213464,"Touring-3000 Yellow, 50-3T",,2024-01-02T14:16:06.9086921Z,2010-01-01T14:16:06.9086921Z,,2442.138403,34521578,600
76891213465,Hex Nut 20-8S,,2024-01-02T14:16:06.9086921Z,2010-01-01T14:16:06.9086921Z,,3186.983755,34521579,1000
76891213466,"Road-150 Red, 56-6S",,2024-01-02T14:16:06.9086921Z,2010-01-01T14:16:06.9086921Z,,8680.132572,34521580,200
76891213467,"Touring-3000 Yellow, 44-2T",,2024-01-02T14:16:06.9086921Z,2010-01-01T14:16:06.9086921Z,,4164.036674,34521581,500
76891213468,Seat Stays-3T,,2024-01-02T14:16:06.9086921Z,2010-01-01T14:16:06.9086921Z,,3637.229222,34521582,500
76891213469,Hex Nut 22-1T,,2024-01-02T14:16:06.9086921Z,2010-01-01T14:16:06.9086921Z,,1959.591072,34521583,400
76891213470,Lock Washer 4-8S,,2024-01-02T14:16:06.9086921Z,2010-01-01T14:16:06.9086921Z,,1156.586893,34521584,200
76891213471,"Classic Vest, S-1T",,2024-01-02T14:16:06.9086921Z,2010-01-01T14:16:06.9086921Z,,9662.208662,34521585,600
76891213472,"Road-650 Black, 60-2T",,2024-01-02T14:16:06.9086921Z,2010-01-01T14:16:06.9086921Z,,8335.113377,34521586,700
76891213473,External Lock Washer 2-8S,,2024-01-02T14:16:06.9086921Z,2010-01-01T14:16:06.9086921Z,,8944.269721,34521587,1000
76891213474,Lock Nut 4-2T,,2024-01-02T14:16:06.9086921Z,2010-01-01T14:16:06.9086921Z,,2068.645754,34521588,600
76891213475,Lock Washer 3-9Z,,2024-01-02T14:16:06.9086921Z,2010-01-01T14:16:06.9086921Z,,8262.720571,34521589,900
76891213476,Thin-Jam Lock Nut 11-3T,,2024-01-02T14:16:06.9086921Z,2010-01-01T14:16:06.9086921Z,,6443.166747,34521590,900
76891213477,"LL Road Frame - Black, 62-10Z",,2024-01-02T14:16:06.9086921Z,2010-01-01T14:16:06.9086921Z,,4301.468837,34521591,100
76891213478,"Road-350-W Yellow, 42-3T",,2024-01-02T14:16:06.9086921Z,2010-01-01T14:16:06.9086921Z,,2525.024808,34521592,600
76891213479,ML Road Pedal-8S,,2024-01-02T14:16:06.9086921Z,2010-01-01T14:16:06.9086921Z,,5917.864428,34521593,1000
76891213480,Chainring Nut-1T,,2024-01-02T14:16:06.9086921Z,2010-01-01T14:16:06.9086921Z,,1063.320787,34521594,900
76891213481,Minipump-9Z,,2024-01-02T14:16:06.9086921Z,2010-01-01T14:16:06.9086921Z,,9006.618368,34521595,400
76891213482,"HL Touring Frame - Blue, 50-3T",,2024-01-02T14:16:06.9086921Z,2010-01-01T14:16:06.9086921Z,,1249.33128,34521596,300
76891213483,"Mountain-100 Black, 44-10Z",,2024-01-02T14:16:06.9086921Z,2010-01-01T14:16:06.9086921Z,,3078.056276,34521597,700
76891213484,Road Tire Tube-1T,,2024-01-02T14:16:06.9086921Z,2010-01-01T14:16:06.9086921Z,,216.3819503,34521598,400
76891213485,Thin-Jam Lock Nut 2-1T,,2024-01-02T14:16:06.9086921Z,2010-01-01T14:16:06.9086921Z,,8541.852587,34521599,100
76891213486,"Road-550-W Yellow, 42-3T",,2024-01-02T14:16:06.9086921Z,2010-01-01T14:16:06.9086921Z,,9528.246084,34521600,300
76891213487,Hex Nut 9-9Z,,2024-01-02T14:16:06.9086921Z,2010-01-01T14:16:06.9086921Z,,2694.911413,34521601,300
76891213488,Road Tire Tube-8S,,2024-01-02T14:16:06.9086921Z,2010-01-01T14:16:06.9086921Z,,1119.299341,34521602,800
76891213489,"HL Touring Frame - Yellow, 50-9Z",,2024-01-02T14:16:06.9086921Z,2010-01-01T14:16:06.9086921Z,,5798.369796,34521603,400
76891213490,"Mountain-200 Black, 46-9Z",,2024-01-02T14:16:06.9086921Z,2010-01-01T14:16:06.9086921Z,,6784.740569,34521604,200
76891213491,"Touring-2000 Blue, 50-2T",,2024-01-02T14:16:06.9086921Z,2010-01-01T14:16:06.9086921Z,,386.6660669,34521605,200
76891213492,"HL Mountain Frame - Silver, 42-3T",,2024-01-02T14:16:06.9086921Z,2010-01-01T14:16:06.9086921Z,,8910.993005,34521606,200
76891213493,"HL Mountain Frame - Silver, 46-6S",,2024-01-02T14:16:06.9086921Z,2010-01-01T14:16:06.9086921Z,,3832.878241,34521607,700
76891213494,"Half-Finger Gloves, L-3T",,2024-01-02T14:16:06.9086921Z,2010-01-01T14:16:06.9086921Z,,4499.875171,34521608,100
76891213495,"LL Mountain Frame - Silver, 44-2T",,2024-01-02T14:16:06.9086921Z,2010-01-01T14:16:06.9086921Z,,2681.358154,34521609,100
76891213496,"Road-350-W Yellow, 48-1T",,2024-01-02T14:16:06.9086921Z,2010-01-01T14:16:06.9086921Z,,5006.459096,34521610,700
76891213497,"LL Road Frame - Black, 44-1T",,2024-01-02T14:16:06.9086921Z,2010-01-01T14:16:06.9086921Z,,4121.002214,34521611,1000
76891213498,Bearing Ball-9Z,,2024-01-02T14:16:06.9086921Z,2010-01-01T14:16:06.9086921Z,,6493.526242,34521612,100
76891213499,Flat Washer 5-2T,,2024-01-02T14:16:06.9086921Z,2010-01-01T14:16:06.9086921Z,,744.450244,34521613,300
76891213500,Head Tube-10Z,,2024-01-02T14:16:06.9086921Z,2010-01-01T14:16:06.9086921Z,,847.4131221,34521614,500
76891213501,"Mountain-400-W Silver, 42-2T",,2024-01-02T14:16:06.9086921Z,2010-01-01T14:16:06.9086921Z,,2095.644886,34521615,200
76891213502,"Mountain-500 Silver, 42-9Z",,2024-01-02T14:16:06.9086921Z,2010-01-01T14:16:06.9086921Z,,5617.958536,34521616,500
76891213503,Down Tube-10Z,,2024-01-02T14:16:06.9086921Z,2010-01-01T14:16:06.9086921Z,,9477.449054,34521617,900
76891213504,"Half-Finger Gloves, S-2T",,2024-01-02T14:16:06.9086921Z,2010-01-01T14:16:06.9086921Z,,4104.50064,34521618,500
76891213505,Internal Lock Washer 7-1T,,2024-01-02T14:16:06.9086921Z,2010-01-01T14:16:06.9086921Z,,789.5013864,34521619,900
76891213506,"Long-Sleeve Logo Jersey, L-9Z",,2024-01-02T14:16:06.9086921Z,2010-01-01T14:16:06.9086921Z,,3198.567863,34521620,500
76891213507,"LL Road Frame - Black, 58-2T",,2024-01-02T14:16:06.9086921Z,2010-01-01T14:16:06.9086921Z,,1845.454827,34521621,400
76891213508,"Road-650 Red, 48-1T",,2024-01-02T14:16:06.9086921Z,2010-01-01T14:16:06.9086921Z,,8176.581069,34521622,900
76891213509,Lock Nut 17-8S,,2024-01-02T14:16:06.9086921Z,2010-01-01T14:16:06.9086921Z,,721.8946326,34521623,300
76891213510,Lock Nut 5-3T,,2024-01-02T14:16:06.9086921Z,2010-01-01T14:16:06.9086921Z,,1237.158655,34521624,800
76891213511,"Road-650 Red, 52-1T",,2024-01-02T14:16:06.9086921Z,2010-01-01T14:16:06.9086921Z,,5457.472268,34521625,500
76891213512,"LL Mountain Frame - Black, 52-1T",,2024-01-02T14:16:06.9086921Z,2010-01-01T14:16:06.9086921Z,,2244.521228,34521626,1000
76891213513,"Touring-1000 Blue, 50-6S",,2024-01-02T14:16:06.9086921Z,2010-01-01T14:16:06.9086921Z,,2651.305422,34521627,300
76891213514,LL Fork-6S,,2024-01-02T14:16:06.9086921Z,2010-01-01T14:16:06.9086921Z,,5882.04964,34521628,100
76891213515,Internal Lock Washer 9-2T,,2024-01-02T14:16:06.9086921Z,2010-01-01T14:16:06.9086921Z,,1400.273377,34521629,300
76891213516,ML Mountain Handlebars-9Z,,2024-01-02T14:16:06.9086921Z,2010-01-01T14:16:06.9086921Z,,3445.925267,34521630,200
76891213517,Lock Nut 23-8S,,2024-01-02T14:16:06.9086921Z,2010-01-01T14:16:06.9086921Z,,8236.179492,34521631,200
76891213518,Paint - Black-10Z,,2024-01-02T14:16:06.9086921Z,2010-01-01T14:16:06.9086921Z,,7929.881868,34521632,500
76891213519,Thin-Jam Hex Nut 7-10Z,,2024-01-02T14:16:06.9086921Z,2010-01-01T14:16:06.9086921Z,,5950.940212,34521633,500
76891213520,"Mountain-200 Silver, 42-9Z",,2024-01-02T14:16:06.9086921Z,2010-01-01T14:16:06.9086921Z,,7397.957474,34521634,400
76891213521,"Mountain-400-W Silver, 40-9Z",,2024-01-02T14:16:06.9086921Z,2010-01-01T14:16:06.9086921Z,,6640.487201,34521635,600
76891213522,LL Touring Seat Assembly-8S,,2024-01-02T14:16:06.9086921Z,2010-01-01T14:16:06.9086921Z,,6692.378333,34521636,200
76891213523,Paint - Yellow-3T,,2024-01-02T14:16:06.9086921Z,2010-01-01T14:16:06.9086921Z,,2972.154978,34521637,700
76891213524,"Road-650 Black, 48-6S",,2024-01-02T14:16:06.9086921Z,2010-01-01T14:16:06.9086921Z,,8424.36595,34521638,700
76891213525,"HL Mountain Frame - Silver, 38-2T",,2024-01-02T14:16:06.9086921Z,2010-01-01T14:16:06.9086921Z,,6678.233669,34521639,500
76891213526,Headlights - Weatherproof-9Z,,2024-01-02T14:16:06.9086921Z,2010-01-01T14:16:06.9086921Z,,1493.070589,34521640,700
76891213527,"Touring-3000 Blue, 58-1T",,2024-01-02T14:16:06.9086921Z,2010-01-01T14:16:06.9086921Z,,5668.159108,34521641,600
76891213528,"Road-450 Red, 60-1T",,2024-01-02T14:16:06.9086921Z,2010-01-01T14:16:06.9086921Z,,291.6752173,34521642,400
76891213529,ML Bottom Bracket-9Z,,2024-01-02T14:16:06.9086921Z,2010-01-01T14:16:06.9086921Z,,4414.842119,34521643,500
76891213530,HL Headset-8S,,2024-01-02T14:16:06.9086921Z,2010-01-01T14:16:06.9086921Z,,6941.71464,34521644,400
76891213531,"Mountain-500 Black, 48-8S",,2024-01-02T14:16:06.9086921Z,2010-01-01T14:16:06.9086921Z,,1077.622646,34521645,300
76891213532,"LL Road Frame - Red, 44-6S",,2024-01-02T14:16:06.9086921Z,2010-01-01T14:16:06.9086921Z,,2234.429474,34521646,800
76891213533,"Road-250 Red, 58-10Z",,2024-01-02T14:16:06.9086921Z,2010-01-01T14:16:06.9086921Z,,1904.47124,34521647,800
76891213534,Patch Kit/8 Patches-8S,,2024-01-02T14:16:06.9086921Z,2010-01-01T14:16:06.9086921Z,,9522.264397,34521648,800
76891213535,Rear Derailleur Cage-9Z,,2024-01-02T14:16:06.9086921Z,2010-01-01T14:16:06.9086921Z,,8090.245387,34521649,500
76891213536,"Road-650 Red, 60-3T",,2024-01-02T14:16:06.9086921Z,2010-01-01T14:16:06.9086921Z,,339.1529082,34521650,100
76891213537,"Road-650 Red, 52-1T",,2024-01-02T14:16:06.9086921Z,2010-01-01T14:16:06.9086921Z,,7339.675753,34521651,900
76891213538,"LL Road Frame - Black, 44-6S",,2024-01-02T14:16:06.9086921Z,2010-01-01T14:16:06.9086921Z,,8988.466486,34521652,400
76891213539,"Half-Finger Gloves, L-9Z",,2024-01-02T14:16:06.9086921Z,2010-01-01T14:16:06.9086921Z,,7601.369378,34521653,500
76891213540,"ML Road Frame-W - Yellow, 42-10Z",,2024-01-02T14:16:06.9086921Z,2010-01-01T14:16:06.9086921Z,,6462.761264,34521654,400
76891213541,Metal Sheet 5-9Z,,2024-01-02T14:16:06.9086921Z,2010-01-01T14:16:06.9086921Z,,1521.292345,34521655,200
76891213542,"Half-Finger Gloves, L-10Z",,2024-01-02T14:16:06.9086921Z,2010-01-01T14:16:06.9086921Z,,2094.903689,34521656,100
76891213543,Metal Sheet 6-8S,,2024-01-02T14:16:06.9086921Z,2010-01-01T14:16:06.9086921Z,,561.729582,34521657,700
76891213544,Thin-Jam Hex Nut 8-9Z,,2024-01-02T14:16:06.9086921Z,2010-01-01T14:16:06.9086921Z,,1641.004883,34521658,400
76891213545,"Road-250 Black, 44-2T",,2024-01-02T14:16:06.9086921Z,2010-01-01T14:16:06.9086921Z,,385.6661121,34521659,300
76891213546,"Road-550-W Yellow, 42-9Z",,2024-01-02T14:16:06.9086921Z,2010-01-01T14:16:06.9086921Z,,8237.790048,34521660,600
76891213547,Thin-Jam Lock Nut 11-2T,,2024-01-02T14:16:06.9086921Z,2010-01-01T14:16:06.9086921Z,,7818.249427,34521661,600
76891213548,ML Mountain Seat/Saddle-2T,,2024-01-02T14:16:06.9086921Z,2010-01-01T14:16:06.9086921Z,,1260.877528,34521662,400
76891213549,Patch Kit/8 Patches-3T,,2024-01-02T14:16:06.9086921Z,2010-01-01T14:16:06.9086921Z,,9111.086978,34521663,800
76891213550,HL Mountain Handlebars-8S,,2024-01-02T14:16:06.9086921Z,2010-01-01T14:16:06.9086921Z,,4823.67604,34521664,700
76891213551,Front Brakes-2T,,2024-01-02T14:16:06.9086921Z,2010-01-01T14:16:06.9086921Z,,4103.37928,34521665,600
76891213552,"HL Road Frame - Red, 62-8S",,2024-01-02T14:16:06.9086921Z,2010-01-01T14:16:06.9086921Z,,4239.178024,34521666,800
76891213553,"Touring-2000 Blue, 46-1T",,2024-01-02T14:16:06.9086921Z,2010-01-01T14:16:06.9086921Z,,8060.094748,34521667,600
76891213554,"HL Mountain Frame - Black, 46-9Z",,2024-01-02T14:16:06.9086921Z,2010-01-01T14:16:06.9086921Z,,3682.820312,34521668,800
76891213555,Internal Lock Washer 10-8S,,2024-01-02T14:16:06.9086921Z,2010-01-01T14:16:06.9086921Z,,7880.114729,34521669,500
76891213556,"Touring-3000 Yellow, 44-9Z",,2024-01-02T14:16:06.9086921Z,2010-01-01T14:16:06.9086921Z,,3343.164648,34521670,500
76891213557,"Road-250 Red, 52-6S",,2024-01-02T14:16:06.9086921Z,2010-01-01T14:16:06.9086921Z,,7985.82279,34521671,600
76891213558,"Mountain-500 Silver, 48-10Z",,2024-01-02T14:16:06.9086921Z,2010-01-01T14:16:06.9086921Z,,109.4568025,34521672,100
76891213559,"Sport-100 Helmet, Blue-9Z",,2024-01-02T14:16:06.9086921Z,2010-01-01T14:16:06.9086921Z,,7277.295405,34521673,700
76891213560,Thin-Jam Lock Nut 9-6S,,2024-01-02T14:16:06.9086921Z,2010-01-01T14:16:06.9086921Z,,2249.332333,34521674,400
76891213561,"LL Road Frame - Red, 52-6S",,2024-01-02T14:16:06.9086921Z,2010-01-01T14:16:06.9086921Z,,7580.782493,34521675,900
76891213562,Flat Washer 9-6S,,2024-01-02T14:16:06.9086921Z,2010-01-01T14:16:06.9086921Z,,5585.320877,34521676,800
76891213563,"Mountain-500 Black, 40-9Z",,2024-01-02T14:16:06.9086921Z,2010-01-01T14:16:06.9086921Z,,5017.486674,34521677,200
76891213564,Internal Lock Washer 3-8S,,2024-01-02T14:16:06.9086921Z,2010-01-01T14:16:06.9086921Z,,9856.935855,34521678,1000
76891213565,Thin-Jam Lock Nut 5-6S,,2024-01-02T14:16:06.9086921Z,2010-01-01T14:16:06.9086921Z,,7023.973291,34521679,800
76891213566,"ML Road Frame-W - Yellow, 38-3T",,2024-01-02T14:16:06.9086921Z,2010-01-01T14:16:06.9086921Z,,2911.221128,34521680,800
76891213567,Minipump-10Z,,2024-01-02T14:16:06.9086921Z,2010-01-01T14:16:06.9086921Z,,8499.078427,34521681,300
76891213568,LL Road Pedal-10Z,,2024-01-02T14:16:06.9086921Z,2010-01-01T14:16:06.9086921Z,,8385.894054,34521682,200
76891213569,HL Mountain Handlebars-8S,,2024-01-02T14:16:06.9086921Z,2010-01-01T14:16:06.9086921Z,,4168.540542,34521683,500
76891213570,"HL Road Frame - Black, 44-6S",,2024-01-02T14:16:06.9086921Z,2010-01-01T14:16:06.9086921Z,,3824.401677,34521684,900
76891213571,Metal Bar 1-2T,,2024-01-02T14:16:06.9086921Z,2010-01-01T14:16:06.9086921Z,,5840.039588,34521685,400
76891213572,"Road-650 Black, 44-3T",,2024-01-02T14:16:06.9086921Z,2010-01-01T14:16:06.9086921Z,,311.0017226,34521686,1000
76891213573,"HL Mountain Frame - Black, 48-6S",,2024-01-02T14:16:06.9086921Z,2010-01-01T14:16:06.9086921Z,,6595.947306,34521687,700
76891213574,"Road-150 Red, 44-6S",,2024-01-02T14:16:06.9086921Z,2010-01-01T14:16:06.9086921Z,,9049.522219,34521688,800
76891213575,"Road-650 Black, 62-2T",,2024-01-02T14:16:06.9086921Z,2010-01-01T14:16:06.9086921Z,,2884.170032,34521689,600
76891213576,"LL Road Frame - Black, 60-1T",,2024-01-02T14:16:06.9086921Z,2010-01-01T14:16:06.9086921Z,,4506.243942,34521690,100
76891213577,"HL Touring Frame - Yellow, 54-6S",,2024-01-02T14:16:06.9086921Z,2010-01-01T14:16:06.9086921Z,,185.2514582,34521691,900
76891213578,"Mountain-400-W Silver, 40-1T",,2024-01-02T14:16:06.9086921Z,2010-01-01T14:16:06.9086921Z,,4768.018645,34521692,900
76891213579,Thin-Jam Lock Nut 14-1T,,2024-01-02T14:16:06.9086921Z,2010-01-01T14:16:06.9086921Z,,9623.292445,34521693,400
76891213580,Hydration Pack - 70 oz.-3T,,2024-01-02T14:16:06.9086921Z,2010-01-01T14:16:06.9086921Z,,8701.700118,34521694,400
76891213581,Steerer-6S,,2024-01-02T14:16:06.9086921Z,2010-01-01T14:16:06.9086921Z,,5928.848348,34521695,400
76891213582,"ML Mountain Frame - Black, 48-1T",,2024-01-02T14:16:06.9086921Z,2010-01-01T14:16:06.9086921Z,,7803.40299,34521696,200
76891213583,"Mountain-100 Black, 42-10Z",,2024-01-02T14:16:06.9086921Z,2010-01-01T14:16:06.9086921Z,,7732.552813,34521697,500
76891213584,"Women's Mountain Shorts, S-8S",,2024-01-02T14:16:06.9086921Z,2010-01-01T14:16:06.9086921Z,,6110.542911,34521698,100
76891213585,"LL Road Frame - Red, 62-10Z",,2024-01-02T14:16:06.9086921Z,2010-01-01T14:16:06.9086921Z,,2301.518079,34521699,700
76891213586,"LL Road Frame - Red, 58-8S",,2024-01-02T14:16:06.9086921Z,2010-01-01T14:16:06.9086921Z,,4770.783116,34521700,400
76891213587,Touring Tire Tube-2T,,2024-01-02T14:16:06.9086921Z,2010-01-01T14:16:06.9086921Z,,9252.559409,34521701,200
76891213588,"Women's Mountain Shorts, M-2T",,2024-01-02T14:16:06.9086921Z,2010-01-01T14:16:06.9086921Z,,4821.739161,34521702,700
76891213589,Lock Nut 19-1T,,2024-01-02T14:16:06.9086921Z,2010-01-01T14:16:06.9086921Z,,6575.03547,34521703,700
76891213590,Touring Tire Tube-2T,,2024-01-02T14:16:06.9086921Z,2010-01-01T14:16:06.9086921Z,,2959.684013,34521704,200
76891213591,"Mountain-100 Silver, 38-3T",,2024-01-02T14:16:06.9086921Z,2010-01-01T14:16:06.9086921Z,,5553.762652,34521705,900
76891213592,"HL Road Frame - Red, 62-2T",,2024-01-02T14:16:06.9086921Z,2010-01-01T14:16:06.9086921Z,,3351.855257,34521706,500
76891213593,Lock Nut 3-6S,,2024-01-02T14:16:06.9086921Z,2010-01-01T14:16:06.9086921Z,,7278.71992,34521707,100
76891213594,Thin-Jam Hex Nut 10-1T,,2024-01-02T14:16:06.9086921Z,2010-01-01T14:16:06.9086921Z,,2999.190852,34521708,300
76891213595,ML Touring Seat/Saddle-3T,,2024-01-02T14:16:06.9086921Z,2010-01-01T14:16:06.9086921Z,,4325.717495,34521709,700
76891213596,"Mountain-500 Black, 52-2T",,2024-01-02T14:16:06.9086921Z,2010-01-01T14:16:06.9086921Z,,1524.655149,34521710,500
76891213597,Pinch Bolt-3T,,2024-01-02T14:16:06.9086921Z,2010-01-01T14:16:06.9086921Z,,3115.61604,34521711,400
76891213598,"Road-650 Red, 52-9Z",,2024-01-02T14:16:06.9086921Z,2010-01-01T14:16:06.9086921Z,,6235.292551,34521712,700
76891213599,"HL Mountain Frame - Silver, 42-10Z",,2024-01-02T14:16:06.9086921Z,2010-01-01T14:16:06.9086921Z,,9924.2824,34521713,200
76891213600,Chainring-10Z,,2024-01-02T14:16:06.9086921Z,2010-01-01T14:16:06.9086921Z,,893.1793078,34521714,300
76891213601,"HL Mountain Frame - Silver, 44-9Z",,2024-01-02T14:16:06.9086921Z,2010-01-01T14:16:06.9086921Z,,6188.001605,34521715,700
76891213602,Seat Post-6S,,2024-01-02T14:16:06.9086921Z,2010-01-01T14:16:06.9086921Z,,9585.143434,34521716,400
76891213603,"ML Road Frame-W - Yellow, 40-6S",,2024-01-02T14:16:06.9086921Z,2010-01-01T14:16:06.9086921Z,,629.9771814,34521717,100
76891213604,HL Touring Seat Assembly-2T,,2024-01-02T14:16:06.9086921Z,2010-01-01T14:16:06.9086921Z,,6302.881105,34521718,300
76891213605,"Touring-3000 Yellow, 50-2T",,2024-01-02T14:16:06.9086921Z,2010-01-01T14:16:06.9086921Z,,8977.300082,34521719,200
76891213606,External Lock Washer 9-9Z,,2024-01-02T14:16:06.9086921Z,2010-01-01T14:16:06.9086921Z,,1460.527466,34521720,400
76891213607,"HL Mountain Frame - Silver, 44-3T",,2024-01-02T14:16:06.9086921Z,2010-01-01T14:16:06.9086921Z,,7727.353662,34521721,700
76891213608,Thin-Jam Lock Nut 2-9Z,,2024-01-02T14:16:06.9086921Z,2010-01-01T14:16:06.9086921Z,,4562.66646,34521722,500
76891213609,Thin-Jam Lock Nut 7-6S,,2024-01-02T14:16:06.9086921Z,2010-01-01T14:16:06.9086921Z,,3338.909325,34521723,900
76891213610,"Mountain-300 Black, 44-6S",,2024-01-02T14:16:06.9086921Z,2010-01-01T14:16:06.9086921Z,,2493.003462,34521724,100
76891213611,Paint - Red-8S,,2024-01-02T14:16:06.9086921Z,2010-01-01T14:16:06.9086921Z,,1138.184604,34521725,300
76891213612,Thin-Jam Hex Nut 3-3T,,2024-01-02T14:16:06.9086921Z,2010-01-01T14:16:06.9086921Z,,1390.226728,34521726,200
76891213613,"LL Road Frame - Black, 52-9Z",,2024-01-02T14:16:06.9086921Z,2010-01-01T14:16:06.9086921Z,,3112.028837,34521727,600
76891213614,"Road-350-W Yellow, 42-3T",,2024-01-02T14:16:06.9086921Z,2010-01-01T14:16:06.9086921Z,,8459.368605,34521728,500
76891213615,"Half-Finger Gloves, S-2T",,2024-01-02T14:16:06.9086921Z,2010-01-01T14:16:06.9086921Z,,3633.332075,34521729,700
76891213616,LL Road Rear Wheel-9Z,,2024-01-02T14:16:06.9086921Z,2010-01-01T14:16:06.9086921Z,,8525.215563,34521730,500
76891213617,"LL Road Frame - Black, 62-10Z",,2024-01-02T14:16:06.9086921Z,2010-01-01T14:16:06.9086921Z,,1424.585573,34521731,700
76891213618,HL Crankset-2T,,2024-01-02T14:16:06.9086921Z,2010-01-01T14:16:06.9086921Z,,5810.888349,34521732,900
76891213619,LL Bottom Bracket-1T,,2024-01-02T14:16:06.9086921Z,2010-01-01T14:16:06.9086921Z,,7177.460541,34521733,1000
76891213620,"Touring-1000 Blue, 60-6S",,2024-01-02T14:16:06.9086921Z,2010-01-01T14:16:06.9086921Z,,4255.379669,34521734,700
76891213621,Seat Lug-1T,,2024-01-02T14:16:06.9086921Z,2010-01-01T14:16:06.9086921Z,,5055.309279,34521735,1000
76891213622,"LL Road Frame - Black, 58-10Z",,2024-01-02T14:16:06.9086921Z,2010-01-01T14:16:06.9086921Z,,8504.423322,34521736,900
76891213623,"HL Road Frame - Red, 44-1T",,2024-01-02T14:16:06.9086921Z,2010-01-01T14:16:06.9086921Z,,5062.888985,34521737,600
76891213624,Headlights - Weatherproof-10Z,,2024-01-02T14:16:06.9086921Z,2010-01-01T14:16:06.9086921Z,,2732.597119,34521738,800
76891213625,Lock Nut 16-10Z,,2024-01-02T14:16:06.9086921Z,2010-01-01T14:16:06.9086921Z,,683.5622809,34521739,300
76891213626,"Road-650 Black, 62-8S",,2024-01-02T14:16:06.9086921Z,2010-01-01T14:16:06.9086921Z,,8304.909815,34521740,200
76891213627,Lock Washer 3-1T,,2024-01-02T14:16:06.9086921Z,2010-01-01T14:16:06.9086921Z,,3289.887309,34521741,800
76891213628,Internal Lock Washer 8-6S,,2024-01-02T14:16:06.9086921Z,2010-01-01T14:16:06.9086921Z,,1087.250231,34521742,500
76891213629,"HL Mountain Frame - Silver, 46-9Z",,2024-01-02T14:16:06.9086921Z,2010-01-01T14:16:06.9086921Z,,1301.769236,34521743,500
76891213630,"Road-250 Red, 58-8S",,2024-01-02T14:16:06.9086921Z,2010-01-01T14:16:06.9086921Z,,737.7739858,34521744,700
76891213631,HL Fork-3T,,2024-01-02T14:16:06.9086921Z,2010-01-01T14:16:06.9086921Z,,5349.362383,34521745,200
76891213632,"Road-650 Red, 44-1T",,2024-01-02T14:16:06.9086921Z,2010-01-01T14:16:06.9086921Z,,7925.667104,34521746,500
76891213633,ML Fork-10Z,,2024-01-02T14:16:06.9086921Z,2010-01-01T14:16:06.9086921Z,,3872.059486,34521747,800
76891213634,"Mountain-400-W Silver, 42-6S",,2024-01-02T14:16:06.9086921Z,2010-01-01T14:16:06.9086921Z,,2070.685382,34521748,900
76891213635,Thin-Jam Hex Nut 3-10Z,,2024-01-02T14:16:06.9086921Z,2010-01-01T14:16:06.9086921Z,,7210.470877,34521749,700
76891213636,"Road-250 Black, 48-10Z",,2024-01-02T14:16:06.9086921Z,2010-01-01T14:16:06.9086921Z,,9943.630158,34521750,600
76891213637,LL Road Tire-2T,,2024-01-02T14:16:06.9086921Z,2010-01-01T14:16:06.9086921Z,,6885.663031,34521751,800
76891213638,"Road-550-W Yellow, 44-10Z",,2024-01-02T14:16:06.9086921Z,2010-01-01T14:16:06.9086921Z,,1337.129554,34521752,500
76891213639,HL Mountain Handlebars-8S,,2024-01-02T14:16:06.9086921Z,2010-01-01T14:16:06.9086921Z,,5543.878601,34521753,100
76891213640,"Mountain-400-W Silver, 42-9Z",,2024-01-02T14:16:06.9086921Z,2010-01-01T14:16:06.9086921Z,,2585.738631,34521754,700
76891213641,Lock Nut 11-8S,,2024-01-02T14:16:06.9086921Z,2010-01-01T14:16:06.9086921Z,,2758.607833,34521755,1000
76891213642,"Short-Sleeve Classic Jersey, XL-10Z",,2024-01-02T14:16:06.9086921Z,2010-01-01T14:16:06.9086921Z,,5948.727428,34521756,300
76891213643,Thin-Jam Lock Nut 9-8S,,2024-01-02T14:16:06.9086921Z,2010-01-01T14:16:06.9086921Z,,4836.06764,34521757,400
76891213644,"Road-550-W Yellow, 48-3T",,2024-01-02T14:16:06.9086921Z,2010-01-01T14:16:06.9086921Z,,1015.681386,34521758,800
76891213645,LL Touring Seat/Saddle-2T,,2024-01-02T14:16:06.9086921Z,2010-01-01T14:16:06.9086921Z,,4670.369125,34521759,100
76891213646,"HL Mountain Frame - Silver, 42-2T",,2024-01-02T14:16:06.9086921Z,2010-01-01T14:16:06.9086921Z,,637.4944689,34521760,200
76891213647,"ML Road Frame-W - Yellow, 42-10Z",,2024-01-02T14:16:06.9086921Z,2010-01-01T14:16:06.9086921Z,,8830.917559,34521761,500
76891213648,LL Mountain Pedal-8S,,2024-01-02T14:16:06.9086921Z,2010-01-01T14:16:06.9086921Z,,1587.574142,34521762,600
